prefCode,prefName,cityCode,cityName,bigCityFlag,bigCityFlagName
1,北海道,1100,札幌市,2,政令指定都市の市
1,北海道,1101,札幌市中央区,1,政令指定都市の区
1,北海道,1102,札幌市北区,1,政令指定都市の区
1,北海道,1103,札幌市東区,1,政令指定都市の区
1,北海道,1104,札幌市白石区,1,政令指定都市の区
1,北海道,1105,札幌市豊平区,1,政令指定都市の区
1,北海道,1106,札幌市南区,1,政令指定都市の区
1,北海道,1107,札幌市西区,1,政令指定都市の区
1,北海道,1108,札幌市厚別区,1,政令指定都市の区
1,北海道,1109,札幌市手稲区,1,政令指定都市の区
1,北海道,1110,札幌市清田区,1,政令指定都市の区
1,北海道,1202,函館市,0,一般の市区町村
1,北海道,1203,小樽市,0,一般の市区町村
1,北海道,1204,旭川市,0,一般の市区町村
1,北海道,1205,室蘭市,0,一般の市区町村
1,北海道,1206,釧路市,0,一般の市区町村
1,北海道,1207,帯広市,0,一般の市区町村
1,北海道,1208,北見市,0,一般の市区町村
1,北海道,1209,夕張市,0,一般の市区町村
1,北海道,1210,岩見沢市,0,一般の市区町村
1,北海道,1211,網走市,0,一般の市区町村
1,北海道,1212,留萌市,0,一般の市区町村
1,北海道,1213,苫小牧市,0,一般の市区町村
1,北海道,1214,稚内市,0,一般の市区町村
1,北海道,1215,美唄市,0,一般の市区町村
1,北海道,1216,芦別市,0,一般の市区町村
1,北海道,1217,江別市,0,一般の市区町村
1,北海道,1218,赤平市,0,一般の市区町村
1,北海道,1219,紋別市,0,一般の市区町村
1,北海道,1220,士別市,0,一般の市区町村
1,北海道,1221,名寄市,0,一般の市区町村
1,北海道,1222,三笠市,0,一般の市区町村
1,北海道,1223,根室市,0,一般の市区町村
1,北海道,1224,千歳市,0,一般の市区町村
1,北海道,1225,滝川市,0,一般の市区町村
1,北海道,1226,砂川市,0,一般の市区町村
1,北海道,1227,歌志内市,0,一般の市区町村
1,北海道,1228,深川市,0,一般の市区町村
1,北海道,1229,富良野市,0,一般の市区町村
1,北海道,1230,登別市,0,一般の市区町村
1,北海道,1231,恵庭市,0,一般の市区町村
1,北海道,1233,伊達市,0,一般の市区町村
1,北海道,1234,北広島市,0,一般の市区町村
1,北海道,1235,石狩市,0,一般の市区町村
1,北海道,1236,北斗市,0,一般の市区町村
1,北海道,1303,当別町,0,一般の市区町村
1,北海道,1304,新篠津村,0,一般の市区町村
1,北海道,1331,松前町,0,一般の市区町村
1,北海道,1332,福島町,0,一般の市区町村
1,北海道,1333,知内町,0,一般の市区町村
1,北海道,1334,木古内町,0,一般の市区町村
1,北海道,1337,七飯町,0,一般の市区町村
1,北海道,1343,鹿部町,0,一般の市区町村
1,北海道,1345,森町,0,一般の市区町村
1,北海道,1346,八雲町,0,一般の市区町村
1,北海道,1347,長万部町,0,一般の市区町村
1,北海道,1361,江差町,0,一般の市区町村
1,北海道,1362,上ノ国町,0,一般の市区町村
1,北海道,1363,厚沢部町,0,一般の市区町村
1,北海道,1364,乙部町,0,一般の市区町村
1,北海道,1367,奥尻町,0,一般の市区町村
1,北海道,1370,今金町,0,一般の市区町村
1,北海道,1371,せたな町,0,一般の市区町村
1,北海道,1391,島牧村,0,一般の市区町村
1,北海道,1392,寿都町,0,一般の市区町村
1,北海道,1393,黒松内町,0,一般の市区町村
1,北海道,1394,蘭越町,0,一般の市区町村
1,北海道,1395,ニセコ町,0,一般の市区町村
1,北海道,1396,真狩村,0,一般の市区町村
1,北海道,1397,留寿都村,0,一般の市区町村
1,北海道,1398,喜茂別町,0,一般の市区町村
1,北海道,1399,京極町,0,一般の市区町村
1,北海道,1400,倶知安町,0,一般の市区町村
1,北海道,1401,共和町,0,一般の市区町村
1,北海道,1402,岩内町,0,一般の市区町村
1,北海道,1403,泊村,0,一般の市区町村
1,北海道,1404,神恵内村,0,一般の市区町村
1,北海道,1405,積丹町,0,一般の市区町村
1,北海道,1406,古平町,0,一般の市区町村
1,北海道,1407,仁木町,0,一般の市区町村
1,北海道,1408,余市町,0,一般の市区町村
1,北海道,1409,赤井川村,0,一般の市区町村
1,北海道,1423,南幌町,0,一般の市区町村
1,北海道,1424,奈井江町,0,一般の市区町村
1,北海道,1425,上砂川町,0,一般の市区町村
1,北海道,1427,由仁町,0,一般の市区町村
1,北海道,1428,長沼町,0,一般の市区町村
1,北海道,1429,栗山町,0,一般の市区町村
1,北海道,1430,月形町,0,一般の市区町村
1,北海道,1431,浦臼町,0,一般の市区町村
1,北海道,1432,新十津川町,0,一般の市区町村
1,北海道,1433,妹背牛町,0,一般の市区町村
1,北海道,1434,秩父別町,0,一般の市区町村
1,北海道,1436,雨竜町,0,一般の市区町村
1,北海道,1437,北竜町,0,一般の市区町村
1,北海道,1438,沼田町,0,一般の市区町村
1,北海道,1452,鷹栖町,0,一般の市区町村
1,北海道,1453,東神楽町,0,一般の市区町村
1,北海道,1454,当麻町,0,一般の市区町村
1,北海道,1455,比布町,0,一般の市区町村
1,北海道,1456,愛別町,0,一般の市区町村
1,北海道,1457,上川町,0,一般の市区町村
1,北海道,1458,東川町,0,一般の市区町村
1,北海道,1459,美瑛町,0,一般の市区町村
1,北海道,1460,上富良野町,0,一般の市区町村
1,北海道,1461,中富良野町,0,一般の市区町村
1,北海道,1462,南富良野町,0,一般の市区町村
1,北海道,1463,占冠村,0,一般の市区町村
1,北海道,1464,和寒町,0,一般の市区町村
1,北海道,1465,剣淵町,0,一般の市区町村
1,北海道,1468,下川町,0,一般の市区町村
1,北海道,1469,美深町,0,一般の市区町村
1,北海道,1470,音威子府村,0,一般の市区町村
1,北海道,1471,中川町,0,一般の市区町村
1,北海道,1472,幌加内町,0,一般の市区町村
1,北海道,1481,増毛町,0,一般の市区町村
1,北海道,1482,小平町,0,一般の市区町村
1,北海道,1483,苫前町,0,一般の市区町村
1,北海道,1484,羽幌町,0,一般の市区町村
1,北海道,1485,初山別村,0,一般の市区町村
1,北海道,1486,遠別町,0,一般の市区町村
1,北海道,1487,天塩町,0,一般の市区町村
1,北海道,1511,猿払村,0,一般の市区町村
1,北海道,1512,浜頓別町,0,一般の市区町村
1,北海道,1513,中頓別町,0,一般の市区町村
1,北海道,1514,枝幸町,0,一般の市区町村
1,北海道,1516,豊富町,0,一般の市区町村
1,北海道,1517,礼文町,0,一般の市区町村
1,北海道,1518,利尻町,0,一般の市区町村
1,北海道,1519,利尻富士町,0,一般の市区町村
1,北海道,1520,幌延町,0,一般の市区町村
1,北海道,1543,美幌町,0,一般の市区町村
1,北海道,1544,津別町,0,一般の市区町村
1,北海道,1545,斜里町,0,一般の市区町村
1,北海道,1546,清里町,0,一般の市区町村
1,北海道,1547,小清水町,0,一般の市区町村
1,北海道,1549,訓子府町,0,一般の市区町村
1,北海道,1550,置戸町,0,一般の市区町村
1,北海道,1552,佐呂間町,0,一般の市区町村
1,北海道,1555,遠軽町,0,一般の市区町村
1,北海道,1559,湧別町,0,一般の市区町村
1,北海道,1560,滝上町,0,一般の市区町村
1,北海道,1561,興部町,0,一般の市区町村
1,北海道,1562,西興部村,0,一般の市区町村
1,北海道,1563,雄武町,0,一般の市区町村
1,北海道,1564,大空町,0,一般の市区町村
1,北海道,1571,豊浦町,0,一般の市区町村
1,北海道,1575,壮瞥町,0,一般の市区町村
1,北海道,1578,白老町,0,一般の市区町村
1,北海道,1581,厚真町,0,一般の市区町村
1,北海道,1584,洞爺湖町,0,一般の市区町村
1,北海道,1585,安平町,0,一般の市区町村
1,北海道,1586,むかわ町,0,一般の市区町村
1,北海道,1601,日高町,0,一般の市区町村
1,北海道,1602,平取町,0,一般の市区町村
1,北海道,1604,新冠町,0,一般の市区町村
1,北海道,1607,浦河町,0,一般の市区町村
1,北海道,1608,様似町,0,一般の市区町村
1,北海道,1609,えりも町,0,一般の市区町村
1,北海道,1610,新ひだか町,0,一般の市区町村
1,北海道,1631,音更町,0,一般の市区町村
1,北海道,1632,士幌町,0,一般の市区町村
1,北海道,1633,上士幌町,0,一般の市区町村
1,北海道,1634,鹿追町,0,一般の市区町村
1,北海道,1635,新得町,0,一般の市区町村
1,北海道,1636,清水町,0,一般の市区町村
1,北海道,1637,芽室町,0,一般の市区町村
1,北海道,1638,中札内村,0,一般の市区町村
1,北海道,1639,更別村,0,一般の市区町村
1,北海道,1641,大樹町,0,一般の市区町村
1,北海道,1642,広尾町,0,一般の市区町村
1,北海道,1643,幕別町,0,一般の市区町村
1,北海道,1644,池田町,0,一般の市区町村
1,北海道,1645,豊頃町,0,一般の市区町村
1,北海道,1646,本別町,0,一般の市区町村
1,北海道,1647,足寄町,0,一般の市区町村
1,北海道,1648,陸別町,0,一般の市区町村
1,北海道,1649,浦幌町,0,一般の市区町村
1,北海道,1661,釧路町,0,一般の市区町村
1,北海道,1662,厚岸町,0,一般の市区町村
1,北海道,1663,浜中町,0,一般の市区町村
1,北海道,1664,標茶町,0,一般の市区町村
1,北海道,1665,弟子屈町,0,一般の市区町村
1,北海道,1667,鶴居村,0,一般の市区町村
1,北海道,1668,白糠町,0,一般の市区町村
1,北海道,1691,別海町,0,一般の市区町村
1,北海道,1692,中標津町,0,一般の市区町村
1,北海道,1693,標津町,0,一般の市区町村
1,北海道,1694,羅臼町,0,一般の市区町村
1,北海道,1695,色丹村,0,一般の市区町村
1,北海道,1696,国後郡泊村,0,一般の市区町村
1,北海道,1697,留夜別村,0,一般の市区町村
1,北海道,1698,留別村,0,一般の市区町村
1,北海道,1699,紗那村,0,一般の市区町村
1,北海道,1700,蘂取村,0,一般の市区町村
2,青森県,2201,青森市,0,一般の市区町村
2,青森県,2202,弘前市,0,一般の市区町村
2,青森県,2203,八戸市,0,一般の市区町村
2,青森県,2204,黒石市,0,一般の市区町村
2,青森県,2205,五所川原市,0,一般の市区町村
2,青森県,2206,十和田市,0,一般の市区町村
2,青森県,2207,三沢市,0,一般の市区町村
2,青森県,2208,むつ市,0,一般の市区町村
2,青森県,2209,つがる市,0,一般の市区町村
2,青森県,2210,平川市,0,一般の市区町村
2,青森県,2301,平内町,0,一般の市区町村
2,青森県,2303,今別町,0,一般の市区町村
2,青森県,2304,蓬田村,0,一般の市区町村
2,青森県,2307,外ヶ浜町,0,一般の市区町村
2,青森県,2321,鰺ヶ沢町,0,一般の市区町村
2,青森県,2323,深浦町,0,一般の市区町村
2,青森県,2343,西目屋村,0,一般の市区町村
2,青森県,2361,藤崎町,0,一般の市区町村
2,青森県,2362,大鰐町,0,一般の市区町村
2,青森県,2367,田舎館村,0,一般の市区町村
2,青森県,2381,板柳町,0,一般の市区町村
2,青森県,2384,鶴田町,0,一般の市区町村
2,青森県,2387,中泊町,0,一般の市区町村
2,青森県,2401,野辺地町,0,一般の市区町村
2,青森県,2402,七戸町,0,一般の市区町村
2,青森県,2405,六戸町,0,一般の市区町村
2,青森県,2406,横浜町,0,一般の市区町村
2,青森県,2408,東北町,0,一般の市区町村
2,青森県,2411,六ヶ所村,0,一般の市区町村
2,青森県,2412,おいらせ町,0,一般の市区町村
2,青森県,2423,大間町,0,一般の市区町村
2,青森県,2424,東通村,0,一般の市区町村
2,青森県,2425,風間浦村,0,一般の市区町村
2,青森県,2426,佐井村,0,一般の市区町村
2,青森県,2441,三戸町,0,一般の市区町村
2,青森県,2442,五戸町,0,一般の市区町村
2,青森県,2443,田子町,0,一般の市区町村
2,青森県,2445,南部町,0,一般の市区町村
2,青森県,2446,階上町,0,一般の市区町村
2,青森県,2450,新郷村,0,一般の市区町村
3,岩手県,3201,盛岡市,0,一般の市区町村
3,岩手県,3202,宮古市,0,一般の市区町村
3,岩手県,3203,大船渡市,0,一般の市区町村
3,岩手県,3205,花巻市,0,一般の市区町村
3,岩手県,3206,北上市,0,一般の市区町村
3,岩手県,3207,久慈市,0,一般の市区町村
3,岩手県,3208,遠野市,0,一般の市区町村
3,岩手県,3209,一関市,0,一般の市区町村
3,岩手県,3210,陸前高田市,0,一般の市区町村
3,岩手県,3211,釜石市,0,一般の市区町村
3,岩手県,3213,二戸市,0,一般の市区町村
3,岩手県,3214,八幡平市,0,一般の市区町村
3,岩手県,3215,奥州市,0,一般の市区町村
3,岩手県,3216,滝沢市,0,一般の市区町村
3,岩手県,3301,雫石町,0,一般の市区町村
3,岩手県,3302,葛巻町,0,一般の市区町村
3,岩手県,3303,岩手町,0,一般の市区町村
3,岩手県,3321,紫波町,0,一般の市区町村
3,岩手県,3322,矢巾町,0,一般の市区町村
3,岩手県,3366,西和賀町,0,一般の市区町村
3,岩手県,3381,金ケ崎町,0,一般の市区町村
3,岩手県,3402,平泉町,0,一般の市区町村
3,岩手県,3441,住田町,0,一般の市区町村
3,岩手県,3461,大槌町,0,一般の市区町村
3,岩手県,3482,山田町,0,一般の市区町村
3,岩手県,3483,岩泉町,0,一般の市区町村
3,岩手県,3484,田野畑村,0,一般の市区町村
3,岩手県,3485,普代村,0,一般の市区町村
3,岩手県,3501,軽米町,0,一般の市区町村
3,岩手県,3503,野田村,0,一般の市区町村
3,岩手県,3506,九戸村,0,一般の市区町村
3,岩手県,3507,洋野町,0,一般の市区町村
3,岩手県,3524,一戸町,0,一般の市区町村
4,宮城県,4100,仙台市,2,政令指定都市の市
4,宮城県,4101,仙台市青葉区,1,政令指定都市の区
4,宮城県,4102,仙台市宮城野区,1,政令指定都市の区
4,宮城県,4103,仙台市若林区,1,政令指定都市の区
4,宮城県,4104,仙台市太白区,1,政令指定都市の区
4,宮城県,4105,仙台市泉区,1,政令指定都市の区
4,宮城県,4202,石巻市,0,一般の市区町村
4,宮城県,4203,塩竈市,0,一般の市区町村
4,宮城県,4205,気仙沼市,0,一般の市区町村
4,宮城県,4206,白石市,0,一般の市区町村
4,宮城県,4207,名取市,0,一般の市区町村
4,宮城県,4208,角田市,0,一般の市区町村
4,宮城県,4209,多賀城市,0,一般の市区町村
4,宮城県,4211,岩沼市,0,一般の市区町村
4,宮城県,4212,登米市,0,一般の市区町村
4,宮城県,4213,栗原市,0,一般の市区町村
4,宮城県,4214,東松島市,0,一般の市区町村
4,宮城県,4215,大崎市,0,一般の市区町村
4,宮城県,4216,富谷市,0,一般の市区町村
4,宮城県,4301,蔵王町,0,一般の市区町村
4,宮城県,4302,七ヶ宿町,0,一般の市区町村
4,宮城県,4321,大河原町,0,一般の市区町村
4,宮城県,4322,村田町,0,一般の市区町村
4,宮城県,4323,柴田町,0,一般の市区町村
4,宮城県,4324,川崎町,0,一般の市区町村
4,宮城県,4341,丸森町,0,一般の市区町村
4,宮城県,4361,亘理町,0,一般の市区町村
4,宮城県,4362,山元町,0,一般の市区町村
4,宮城県,4401,松島町,0,一般の市区町村
4,宮城県,4404,七ヶ浜町,0,一般の市区町村
4,宮城県,4406,利府町,0,一般の市区町村
4,宮城県,4421,大和町,0,一般の市区町村
4,宮城県,4422,大郷町,0,一般の市区町村
4,宮城県,4424,大衡村,0,一般の市区町村
4,宮城県,4444,色麻町,0,一般の市区町村
4,宮城県,4445,加美町,0,一般の市区町村
4,宮城県,4501,涌谷町,0,一般の市区町村
4,宮城県,4505,美里町,0,一般の市区町村
4,宮城県,4581,女川町,0,一般の市区町村
4,宮城県,4606,南三陸町,0,一般の市区町村
5,秋田県,5201,秋田市,0,一般の市区町村
5,秋田県,5202,能代市,0,一般の市区町村
5,秋田県,5203,横手市,0,一般の市区町村
5,秋田県,5204,大館市,0,一般の市区町村
5,秋田県,5206,男鹿市,0,一般の市区町村
5,秋田県,5207,湯沢市,0,一般の市区町村
5,秋田県,5209,鹿角市,0,一般の市区町村
5,秋田県,5210,由利本荘市,0,一般の市区町村
5,秋田県,5211,潟上市,0,一般の市区町村
5,秋田県,5212,大仙市,0,一般の市区町村
5,秋田県,5213,北秋田市,0,一般の市区町村
5,秋田県,5214,にかほ市,0,一般の市区町村
5,秋田県,5215,仙北市,0,一般の市区町村
5,秋田県,5303,小坂町,0,一般の市区町村
5,秋田県,5327,上小阿仁村,0,一般の市区町村
5,秋田県,5346,藤里町,0,一般の市区町村
5,秋田県,5348,三種町,0,一般の市区町村
5,秋田県,5349,八峰町,0,一般の市区町村
5,秋田県,5361,五城目町,0,一般の市区町村
5,秋田県,5363,八郎潟町,0,一般の市区町村
5,秋田県,5366,井川町,0,一般の市区町村
5,秋田県,5368,大潟村,0,一般の市区町村
5,秋田県,5434,美郷町,0,一般の市区町村
5,秋田県,5463,羽後町,0,一般の市区町村
5,秋田県,5464,東成瀬村,0,一般の市区町村
6,山形県,6201,山形市,0,一般の市区町村
6,山形県,6202,米沢市,0,一般の市区町村
6,山形県,6203,鶴岡市,0,一般の市区町村
6,山形県,6204,酒田市,0,一般の市区町村
6,山形県,6205,新庄市,0,一般の市区町村
6,山形県,6206,寒河江市,0,一般の市区町村
6,山形県,6207,上山市,0,一般の市区町村
6,山形県,6208,村山市,0,一般の市区町村
6,山形県,6209,長井市,0,一般の市区町村
6,山形県,6210,天童市,0,一般の市区町村
6,山形県,6211,東根市,0,一般の市区町村
6,山形県,6212,尾花沢市,0,一般の市区町村
6,山形県,6213,南陽市,0,一般の市区町村
6,山形県,6301,山辺町,0,一般の市区町村
6,山形県,6302,中山町,0,一般の市区町村
6,山形県,6321,河北町,0,一般の市区町村
6,山形県,6322,西川町,0,一般の市区町村
6,山形県,6323,朝日町,0,一般の市区町村
6,山形県,6324,大江町,0,一般の市区町村
6,山形県,6341,大石田町,0,一般の市区町村
6,山形県,6361,金山町,0,一般の市区町村
6,山形県,6362,最上町,0,一般の市区町村
6,山形県,6363,舟形町,0,一般の市区町村
6,山形県,6364,真室川町,0,一般の市区町村
6,山形県,6365,大蔵村,0,一般の市区町村
6,山形県,6366,鮭川村,0,一般の市区町村
6,山形県,6367,戸沢村,0,一般の市区町村
6,山形県,6381,高畠町,0,一般の市区町村
6,山形県,6382,川西町,0,一般の市区町村
6,山形県,6401,小国町,0,一般の市区町村
6,山形県,6402,白鷹町,0,一般の市区町村
6,山形県,6403,飯豊町,0,一般の市区町村
6,山形県,6426,三川町,0,一般の市区町村
6,山形県,6428,庄内町,0,一般の市区町村
6,山形県,6461,遊佐町,0,一般の市区町村
7,福島県,7201,福島市,0,一般の市区町村
7,福島県,7202,会津若松市,0,一般の市区町村
7,福島県,7203,郡山市,0,一般の市区町村
7,福島県,7204,いわき市,0,一般の市区町村
7,福島県,7205,白河市,0,一般の市区町村
7,福島県,7207,須賀川市,0,一般の市区町村
7,福島県,7208,喜多方市,0,一般の市区町村
7,福島県,7209,相馬市,0,一般の市区町村
7,福島県,7210,二本松市,0,一般の市区町村
7,福島県,7211,田村市,0,一般の市区町村
7,福島県,7212,南相馬市,0,一般の市区町村
7,福島県,7213,伊達市,0,一般の市区町村
7,福島県,7214,本宮市,0,一般の市区町村
7,福島県,7301,桑折町,0,一般の市区町村
7,福島県,7303,国見町,0,一般の市区町村
7,福島県,7308,川俣町,0,一般の市区町村
7,福島県,7322,大玉村,0,一般の市区町村
7,福島県,7342,鏡石町,0,一般の市区町村
7,福島県,7344,天栄村,0,一般の市区町村
7,福島県,7362,下郷町,0,一般の市区町村
7,福島県,7364,檜枝岐村,0,一般の市区町村
7,福島県,7367,只見町,0,一般の市区町村
7,福島県,7368,南会津町,0,一般の市区町村
7,福島県,7402,北塩原村,0,一般の市区町村
7,福島県,7405,西会津町,0,一般の市区町村
7,福島県,7407,磐梯町,0,一般の市区町村
7,福島県,7408,猪苗代町,0,一般の市区町村
7,福島県,7421,会津坂下町,0,一般の市区町村
7,福島県,7422,湯川村,0,一般の市区町村
7,福島県,7423,柳津町,0,一般の市区町村
7,福島県,7444,三島町,0,一般の市区町村
7,福島県,7445,金山町,0,一般の市区町村
7,福島県,7446,昭和村,0,一般の市区町村
7,福島県,7447,会津美里町,0,一般の市区町村
7,福島県,7461,西郷村,0,一般の市区町村
7,福島県,7464,泉崎村,0,一般の市区町村
7,福島県,7465,中島村,0,一般の市区町村
7,福島県,7466,矢吹町,0,一般の市区町村
7,福島県,7481,棚倉町,0,一般の市区町村
7,福島県,7482,矢祭町,0,一般の市区町村
7,福島県,7483,塙町,0,一般の市区町村
7,福島県,7484,鮫川村,0,一般の市区町村
7,福島県,7501,石川町,0,一般の市区町村
7,福島県,7502,玉川村,0,一般の市区町村
7,福島県,7503,平田村,0,一般の市区町村
7,福島県,7504,浅川町,0,一般の市区町村
7,福島県,7505,古殿町,0,一般の市区町村
7,福島県,7521,三春町,0,一般の市区町村
7,福島県,7522,小野町,0,一般の市区町村
7,福島県,7541,広野町,0,一般の市区町村
7,福島県,7542,楢葉町,0,一般の市区町村
7,福島県,7543,富岡町,0,一般の市区町村
7,福島県,7544,川内村,0,一般の市区町村
7,福島県,7545,大熊町,0,一般の市区町村
7,福島県,7546,双葉町,0,一般の市区町村
7,福島県,7547,浪江町,0,一般の市区町村
7,福島県,7548,葛尾村,0,一般の市区町村
7,福島県,7561,新地町,0,一般の市区町村
7,福島県,7564,飯舘村,0,一般の市区町村
8,茨城県,8201,水戸市,0,一般の市区町村
8,茨城県,8202,日立市,0,一般の市区町村
8,茨城県,8203,土浦市,0,一般の市区町村
8,茨城県,8204,古河市,0,一般の市区町村
8,茨城県,8205,石岡市,0,一般の市区町村
8,茨城県,8207,結城市,0,一般の市区町村
8,茨城県,8208,龍ケ崎市,0,一般の市区町村
8,茨城県,8210,下妻市,0,一般の市区町村
8,茨城県,8211,常総市,0,一般の市区町村
8,茨城県,8212,常陸太田市,0,一般の市区町村
8,茨城県,8214,高萩市,0,一般の市区町村
8,茨城県,8215,北茨城市,0,一般の市区町村
8,茨城県,8216,笠間市,0,一般の市区町村
8,茨城県,8217,取手市,0,一般の市区町村
8,茨城県,8219,牛久市,0,一般の市区町村
8,茨城県,8220,つくば市,0,一般の市区町村
8,茨城県,8221,ひたちなか市,0,一般の市区町村
8,茨城県,8222,鹿嶋市,0,一般の市区町村
8,茨城県,8223,潮来市,0,一般の市区町村
8,茨城県,8224,守谷市,0,一般の市区町村
8,茨城県,8225,常陸大宮市,0,一般の市区町村
8,茨城県,8226,那珂市,0,一般の市区町村
8,茨城県,8227,筑西市,0,一般の市区町村
8,茨城県,8228,坂東市,0,一般の市区町村
8,茨城県,8229,稲敷市,0,一般の市区町村
8,茨城県,8230,かすみがうら市,0,一般の市区町村
8,茨城県,8231,桜川市,0,一般の市区町村
8,茨城県,8232,神栖市,0,一般の市区町村
8,茨城県,8233,行方市,0,一般の市区町村
8,茨城県,8234,鉾田市,0,一般の市区町村
8,茨城県,8235,つくばみらい市,0,一般の市区町村
8,茨城県,8236,小美玉市,0,一般の市区町村
8,茨城県,8302,茨城町,0,一般の市区町村
8,茨城県,8309,大洗町,0,一般の市区町村
8,茨城県,8310,城里町,0,一般の市区町村
8,茨城県,8341,東海村,0,一般の市区町村
8,茨城県,8364,大子町,0,一般の市区町村
8,茨城県,8442,美浦村,0,一般の市区町村
8,茨城県,8443,阿見町,0,一般の市区町村
8,茨城県,8447,河内町,0,一般の市区町村
8,茨城県,8521,八千代町,0,一般の市区町村
8,茨城県,8542,五霞町,0,一般の市区町村
8,茨城県,8546,境町,0,一般の市区町村
8,茨城県,8564,利根町,0,一般の市区町村
9,栃木県,9201,宇都宮市,0,一般の市区町村
9,栃木県,9202,足利市,0,一般の市区町村
9,栃木県,9203,栃木市,0,一般の市区町村
9,栃木県,9204,佐野市,0,一般の市区町村
9,栃木県,9205,鹿沼市,0,一般の市区町村
9,栃木県,9206,日光市,0,一般の市区町村
9,栃木県,9208,小山市,0,一般の市区町村
9,栃木県,9209,真岡市,0,一般の市区町村
9,栃木県,9210,大田原市,0,一般の市区町村
9,栃木県,9211,矢板市,0,一般の市区町村
9,栃木県,9213,那須塩原市,0,一般の市区町村
9,栃木県,9214,さくら市,0,一般の市区町村
9,栃木県,9215,那須烏山市,0,一般の市区町村
9,栃木県,9216,下野市,0,一般の市区町村
9,栃木県,9301,上三川町,0,一般の市区町村
9,栃木県,9342,益子町,0,一般の市区町村
9,栃木県,9343,茂木町,0,一般の市区町村
9,栃木県,9344,市貝町,0,一般の市区町村
9,栃木県,9345,芳賀町,0,一般の市区町村
9,栃木県,9361,壬生町,0,一般の市区町村
9,栃木県,9364,野木町,0,一般の市区町村
9,栃木県,9384,塩谷町,0,一般の市区町村
9,栃木県,9386,高根沢町,0,一般の市区町村
9,栃木県,9407,那須町,0,一般の市区町村
9,栃木県,9411,那珂川町,0,一般の市区町村
10,群馬県,10201,前橋市,0,一般の市区町村
10,群馬県,10202,高崎市,0,一般の市区町村
10,群馬県,10203,桐生市,0,一般の市区町村
10,群馬県,10204,伊勢崎市,0,一般の市区町村
10,群馬県,10205,太田市,0,一般の市区町村
10,群馬県,10206,沼田市,0,一般の市区町村
10,群馬県,10207,館林市,0,一般の市区町村
10,群馬県,10208,渋川市,0,一般の市区町村
10,群馬県,10209,藤岡市,0,一般の市区町村
10,群馬県,10210,富岡市,0,一般の市区町村
10,群馬県,10211,安中市,0,一般の市区町村
10,群馬県,10212,みどり市,0,一般の市区町村
10,群馬県,10344,榛東村,0,一般の市区町村
10,群馬県,10345,吉岡町,0,一般の市区町村
10,群馬県,10366,上野村,0,一般の市区町村
10,群馬県,10367,神流町,0,一般の市区町村
10,群馬県,10382,下仁田町,0,一般の市区町村
10,群馬県,10383,南牧村,0,一般の市区町村
10,群馬県,10384,甘楽町,0,一般の市区町村
10,群馬県,10421,中之条町,0,一般の市区町村
10,群馬県,10424,長野原町,0,一般の市区町村
10,群馬県,10425,嬬恋村,0,一般の市区町村
10,群馬県,10426,草津町,0,一般の市区町村
10,群馬県,10428,高山村,0,一般の市区町村
10,群馬県,10429,東吾妻町,0,一般の市区町村
10,群馬県,10443,片品村,0,一般の市区町村
10,群馬県,10444,川場村,0,一般の市区町村
10,群馬県,10448,昭和村,0,一般の市区町村
10,群馬県,10449,みなかみ町,0,一般の市区町村
10,群馬県,10464,玉村町,0,一般の市区町村
10,群馬県,10521,板倉町,0,一般の市区町村
10,群馬県,10522,明和町,0,一般の市区町村
10,群馬県,10523,千代田町,0,一般の市区町村
10,群馬県,10524,大泉町,0,一般の市区町村
10,群馬県,10525,邑楽町,0,一般の市区町村
11,埼玉県,11100,さいたま市,2,政令指定都市の市
11,埼玉県,11101,さいたま市西区,1,政令指定都市の区
11,埼玉県,11102,さいたま市北区,1,政令指定都市の区
11,埼玉県,11103,さいたま市大宮区,1,政令指定都市の区
11,埼玉県,11104,さいたま市見沼区,1,政令指定都市の区
11,埼玉県,11105,さいたま市中央区,1,政令指定都市の区
11,埼玉県,11106,さいたま市桜区,1,政令指定都市の区
11,埼玉県,11107,さいたま市浦和区,1,政令指定都市の区
11,埼玉県,11108,さいたま市南区,1,政令指定都市の区
11,埼玉県,11109,さいたま市緑区,1,政令指定都市の区
11,埼玉県,11110,さいたま市岩槻区,1,政令指定都市の区
11,埼玉県,11201,川越市,0,一般の市区町村
11,埼玉県,11202,熊谷市,0,一般の市区町村
11,埼玉県,11203,川口市,0,一般の市区町村
11,埼玉県,11206,行田市,0,一般の市区町村
11,埼玉県,11207,秩父市,0,一般の市区町村
11,埼玉県,11208,所沢市,0,一般の市区町村
11,埼玉県,11209,飯能市,0,一般の市区町村
11,埼玉県,11210,加須市,0,一般の市区町村
11,埼玉県,11211,本庄市,0,一般の市区町村
11,埼玉県,11212,東松山市,0,一般の市区町村
11,埼玉県,11214,春日部市,0,一般の市区町村
11,埼玉県,11215,狭山市,0,一般の市区町村
11,埼玉県,11216,羽生市,0,一般の市区町村
11,埼玉県,11217,鴻巣市,0,一般の市区町村
11,埼玉県,11218,深谷市,0,一般の市区町村
11,埼玉県,11219,上尾市,0,一般の市区町村
11,埼玉県,11221,草加市,0,一般の市区町村
11,埼玉県,11222,越谷市,0,一般の市区町村
11,埼玉県,11223,蕨市,0,一般の市区町村
11,埼玉県,11224,戸田市,0,一般の市区町村
11,埼玉県,11225,入間市,0,一般の市区町村
11,埼玉県,11227,朝霞市,0,一般の市区町村
11,埼玉県,11228,志木市,0,一般の市区町村
11,埼玉県,11229,和光市,0,一般の市区町村
11,埼玉県,11230,新座市,0,一般の市区町村
11,埼玉県,11231,桶川市,0,一般の市区町村
11,埼玉県,11232,久喜市,0,一般の市区町村
11,埼玉県,11233,北本市,0,一般の市区町村
11,埼玉県,11234,八潮市,0,一般の市区町村
11,埼玉県,11235,富士見市,0,一般の市区町村
11,埼玉県,11237,三郷市,0,一般の市区町村
11,埼玉県,11238,蓮田市,0,一般の市区町村
11,埼玉県,11239,坂戸市,0,一般の市区町村
11,埼玉県,11240,幸手市,0,一般の市区町村
11,埼玉県,11241,鶴ヶ島市,0,一般の市区町村
11,埼玉県,11242,日高市,0,一般の市区町村
11,埼玉県,11243,吉川市,0,一般の市区町村
11,埼玉県,11245,ふじみ野市,0,一般の市区町村
11,埼玉県,11246,白岡市,0,一般の市区町村
11,埼玉県,11301,伊奈町,0,一般の市区町村
11,埼玉県,11324,三芳町,0,一般の市区町村
11,埼玉県,11326,毛呂山町,0,一般の市区町村
11,埼玉県,11327,越生町,0,一般の市区町村
11,埼玉県,11341,滑川町,0,一般の市区町村
11,埼玉県,11342,嵐山町,0,一般の市区町村
11,埼玉県,11343,小川町,0,一般の市区町村
11,埼玉県,11346,川島町,0,一般の市区町村
11,埼玉県,11347,吉見町,0,一般の市区町村
11,埼玉県,11348,鳩山町,0,一般の市区町村
11,埼玉県,11349,ときがわ町,0,一般の市区町村
11,埼玉県,11361,横瀬町,0,一般の市区町村
11,埼玉県,11362,皆野町,0,一般の市区町村
11,埼玉県,11363,長瀞町,0,一般の市区町村
11,埼玉県,11365,小鹿野町,0,一般の市区町村
11,埼玉県,11369,東秩父村,0,一般の市区町村
11,埼玉県,11381,美里町,0,一般の市区町村
11,埼玉県,11383,神川町,0,一般の市区町村
11,埼玉県,11385,上里町,0,一般の市区町村
11,埼玉県,11408,寄居町,0,一般の市区町村
11,埼玉県,11442,宮代町,0,一般の市区町村
11,埼玉県,11464,杉戸町,0,一般の市区町村
11,埼玉県,11465,松伏町,0,一般の市区町村
12,千葉県,12100,千葉市,2,政令指定都市の市
12,千葉県,12101,千葉市中央区,1,政令指定都市の区
12,千葉県,12102,千葉市花見川区,1,政令指定都市の区
12,千葉県,12103,千葉市稲毛区,1,政令指定都市の区
12,千葉県,12104,千葉市若葉区,1,政令指定都市の区
12,千葉県,12105,千葉市緑区,1,政令指定都市の区
12,千葉県,12106,千葉市美浜区,1,政令指定都市の区
12,千葉県,12202,銚子市,0,一般の市区町村
12,千葉県,12203,市川市,0,一般の市区町村
12,千葉県,12204,船橋市,0,一般の市区町村
12,千葉県,12205,館山市,0,一般の市区町村
12,千葉県,12206,木更津市,0,一般の市区町村
12,千葉県,12207,松戸市,0,一般の市区町村
12,千葉県,12208,野田市,0,一般の市区町村
12,千葉県,12210,茂原市,0,一般の市区町村
12,千葉県,12211,成田市,0,一般の市区町村
12,千葉県,12212,佐倉市,0,一般の市区町村
12,千葉県,12213,東金市,0,一般の市区町村
12,千葉県,12215,旭市,0,一般の市区町村
12,千葉県,12216,習志野市,0,一般の市区町村
12,千葉県,12217,柏市,0,一般の市区町村
12,千葉県,12218,勝浦市,0,一般の市区町村
12,千葉県,12219,市原市,0,一般の市区町村
12,千葉県,12220,流山市,0,一般の市区町村
12,千葉県,12221,八千代市,0,一般の市区町村
12,千葉県,12222,我孫子市,0,一般の市区町村
12,千葉県,12223,鴨川市,0,一般の市区町村
12,千葉県,12224,鎌ケ谷市,0,一般の市区町村
12,千葉県,12225,君津市,0,一般の市区町村
12,千葉県,12226,富津市,0,一般の市区町村
12,千葉県,12227,浦安市,0,一般の市区町村
12,千葉県,12228,四街道市,0,一般の市区町村
12,千葉県,12229,袖ケ浦市,0,一般の市区町村
12,千葉県,12230,八街市,0,一般の市区町村
12,千葉県,12231,印西市,0,一般の市区町村
12,千葉県,12232,白井市,0,一般の市区町村
12,千葉県,12233,富里市,0,一般の市区町村
12,千葉県,12234,南房総市,0,一般の市区町村
12,千葉県,12235,匝瑳市,0,一般の市区町村
12,千葉県,12236,香取市,0,一般の市区町村
12,千葉県,12237,山武市,0,一般の市区町村
12,千葉県,12238,いすみ市,0,一般の市区町村
12,千葉県,12239,大網白里市,0,一般の市区町村
12,千葉県,12322,酒々井町,0,一般の市区町村
12,千葉県,12329,栄町,0,一般の市区町村
12,千葉県,12342,神崎町,0,一般の市区町村
12,千葉県,12347,多古町,0,一般の市区町村
12,千葉県,12349,東庄町,0,一般の市区町村
12,千葉県,12403,九十九里町,0,一般の市区町村
12,千葉県,12409,芝山町,0,一般の市区町村
12,千葉県,12410,横芝光町,0,一般の市区町村
12,千葉県,12421,一宮町,0,一般の市区町村
12,千葉県,12422,睦沢町,0,一般の市区町村
12,千葉県,12423,長生村,0,一般の市区町村
12,千葉県,12424,白子町,0,一般の市区町村
12,千葉県,12426,長柄町,0,一般の市区町村
12,千葉県,12427,長南町,0,一般の市区町村
12,千葉県,12441,大多喜町,0,一般の市区町村
12,千葉県,12443,御宿町,0,一般の市区町村
12,千葉県,12463,鋸南町,0,一般の市区町村
13,東京都,13101,千代田区,3,東京都23区
13,東京都,13102,中央区,3,東京都23区
13,東京都,13103,港区,3,東京都23区
13,東京都,13104,新宿区,3,東京都23区
13,東京都,13105,文京区,3,東京都23区
13,東京都,13106,台東区,3,東京都23区
13,東京都,13107,墨田区,3,東京都23区
13,東京都,13108,江東区,3,東京都23区
13,東京都,13109,品川区,3,東京都23区
13,東京都,13110,目黒区,3,東京都23区
13,東京都,13111,大田区,3,東京都23区
13,東京都,13112,世田谷区,3,東京都23区
13,東京都,13113,渋谷区,3,東京都23区
13,東京都,13114,中野区,3,東京都23区
13,東京都,13115,杉並区,3,東京都23区
13,東京都,13116,豊島区,3,東京都23区
13,東京都,13117,北区,3,東京都23区
13,東京都,13118,荒川区,3,東京都23区
13,東京都,13119,板橋区,3,東京都23区
13,東京都,13120,練馬区,3,東京都23区
13,東京都,13121,足立区,3,東京都23区
13,東京都,13122,葛飾区,3,東京都23区
13,東京都,13123,江戸川区,3,東京都23区
13,東京都,13201,八王子市,0,一般の市区町村
13,東京都,13202,立川市,0,一般の市区町村
13,東京都,13203,武蔵野市,0,一般の市区町村
13,東京都,13204,三鷹市,0,一般の市区町村
13,東京都,13205,青梅市,0,一般の市区町村
13,東京都,13206,府中市,0,一般の市区町村
13,東京都,13207,昭島市,0,一般の市区町村
13,東京都,13208,調布市,0,一般の市区町村
13,東京都,13209,町田市,0,一般の市区町村
13,東京都,13210,小金井市,0,一般の市区町村
13,東京都,13211,小平市,0,一般の市区町村
13,東京都,13212,日野市,0,一般の市区町村
13,東京都,13213,東村山市,0,一般の市区町村
13,東京都,13214,国分寺市,0,一般の市区町村
13,東京都,13215,国立市,0,一般の市区町村
13,東京都,13218,福生市,0,一般の市区町村
13,東京都,13219,狛江市,0,一般の市区町村
13,東京都,13220,東大和市,0,一般の市区町村
13,東京都,13221,清瀬市,0,一般の市区町村
13,東京都,13222,東久留米市,0,一般の市区町村
13,東京都,13223,武蔵村山市,0,一般の市区町村
13,東京都,13224,多摩市,0,一般の市区町村
13,東京都,13225,稲城市,0,一般の市区町村
13,東京都,13227,羽村市,0,一般の市区町村
13,東京都,13228,あきる野市,0,一般の市区町村
13,東京都,13229,西東京市,0,一般の市区町村
13,東京都,13303,瑞穂町,0,一般の市区町村
13,東京都,13305,日の出町,0,一般の市区町村
13,東京都,13307,檜原村,0,一般の市区町村
13,東京都,13308,奥多摩町,0,一般の市区町村
13,東京都,13361,大島町,0,一般の市区町村
13,東京都,13362,利島村,0,一般の市区町村
13,東京都,13363,新島村,0,一般の市区町村
13,東京都,13364,神津島村,0,一般の市区町村
13,東京都,13381,三宅村,0,一般の市区町村
13,東京都,13382,御蔵島村,0,一般の市区町村
13,東京都,13401,八丈町,0,一般の市区町村
13,東京都,13402,青ヶ島村,0,一般の市区町村
13,東京都,13421,小笠原村,0,一般の市区町村
14,神奈川県,14100,横浜市,2,政令指定都市の市
14,神奈川県,14101,横浜市鶴見区,1,政令指定都市の区
14,神奈川県,14102,横浜市神奈川区,1,政令指定都市の区
14,神奈川県,14103,横浜市西区,1,政令指定都市の区
14,神奈川県,14104,横浜市中区,1,政令指定都市の区
14,神奈川県,14105,横浜市南区,1,政令指定都市の区
14,神奈川県,14106,横浜市保土ケ谷区,1,政令指定都市の区
14,神奈川県,14107,横浜市磯子区,1,政令指定都市の区
14,神奈川県,14108,横浜市金沢区,1,政令指定都市の区
14,神奈川県,14109,横浜市港北区,1,政令指定都市の区
14,神奈川県,14110,横浜市戸塚区,1,政令指定都市の区
14,神奈川県,14111,横浜市港南区,1,政令指定都市の区
14,神奈川県,14112,横浜市旭区,1,政令指定都市の区
14,神奈川県,14113,横浜市緑区,1,政令指定都市の区
14,神奈川県,14114,横浜市瀬谷区,1,政令指定都市の区
14,神奈川県,14115,横浜市栄区,1,政令指定都市の区
14,神奈川県,14116,横浜市泉区,1,政令指定都市の区
14,神奈川県,14117,横浜市青葉区,1,政令指定都市の区
14,神奈川県,14118,横浜市都筑区,1,政令指定都市の区
14,神奈川県,14130,川崎市,2,政令指定都市の市
14,神奈川県,14131,川崎市川崎区,1,政令指定都市の区
14,神奈川県,14132,川崎市幸区,1,政令指定都市の区
14,神奈川県,14133,川崎市中原区,1,政令指定都市の区
14,神奈川県,14134,川崎市高津区,1,政令指定都市の区
14,神奈川県,14135,川崎市多摩区,1,政令指定都市の区
14,神奈川県,14136,川崎市宮前区,1,政令指定都市の区
14,神奈川県,14137,川崎市麻生区,1,政令指定都市の区
14,神奈川県,14150,相模原市,2,政令指定都市の市
14,神奈川県,14151,相模原市緑区,1,政令指定都市の区
14,神奈川県,14152,相模原市中央区,1,政令指定都市の区
14,神奈川県,14153,相模原市南区,1,政令指定都市の区
14,神奈川県,14201,横須賀市,0,一般の市区町村
14,神奈川県,14203,平塚市,0,一般の市区町村
14,神奈川県,14204,鎌倉市,0,一般の市区町村
14,神奈川県,14205,藤沢市,0,一般の市区町村
14,神奈川県,14206,小田原市,0,一般の市区町村
14,神奈川県,14207,茅ヶ崎市,0,一般の市区町村
14,神奈川県,14208,逗子市,0,一般の市区町村
14,神奈川県,14210,三浦市,0,一般の市区町村
14,神奈川県,14211,秦野市,0,一般の市区町村
14,神奈川県,14212,厚木市,0,一般の市区町村
14,神奈川県,14213,大和市,0,一般の市区町村
14,神奈川県,14214,伊勢原市,0,一般の市区町村
14,神奈川県,14215,海老名市,0,一般の市区町村
14,神奈川県,14216,座間市,0,一般の市区町村
14,神奈川県,14217,南足柄市,0,一般の市区町村
14,神奈川県,14218,綾瀬市,0,一般の市区町村
14,神奈川県,14301,葉山町,0,一般の市区町村
14,神奈川県,14321,寒川町,0,一般の市区町村
14,神奈川県,14341,大磯町,0,一般の市区町村
14,神奈川県,14342,二宮町,0,一般の市区町村
14,神奈川県,14361,中井町,0,一般の市区町村
14,神奈川県,14362,大井町,0,一般の市区町村
14,神奈川県,14363,松田町,0,一般の市区町村
14,神奈川県,14364,山北町,0,一般の市区町村
14,神奈川県,14366,開成町,0,一般の市区町村
14,神奈川県,14382,箱根町,0,一般の市区町村
14,神奈川県,14383,真鶴町,0,一般の市区町村
14,神奈川県,14384,湯河原町,0,一般の市区町村
14,神奈川県,14401,愛川町,0,一般の市区町村
14,神奈川県,14402,清川村,0,一般の市区町村
15,新潟県,15100,新潟市,2,政令指定都市の市
15,新潟県,15101,新潟市北区,1,政令指定都市の区
15,新潟県,15102,新潟市東区,1,政令指定都市の区
15,新潟県,15103,新潟市中央区,1,政令指定都市の区
15,新潟県,15104,新潟市江南区,1,政令指定都市の区
15,新潟県,15105,新潟市秋葉区,1,政令指定都市の区
15,新潟県,15106,新潟市南区,1,政令指定都市の区
15,新潟県,15107,新潟市西区,1,政令指定都市の区
15,新潟県,15108,新潟市西蒲区,1,政令指定都市の区
15,新潟県,15202,長岡市,0,一般の市区町村
15,新潟県,15204,三条市,0,一般の市区町村
15,新潟県,15205,柏崎市,0,一般の市区町村
15,新潟県,15206,新発田市,0,一般の市区町村
15,新潟県,15208,小千谷市,0,一般の市区町村
15,新潟県,15209,加茂市,0,一般の市区町村
15,新潟県,15210,十日町市,0,一般の市区町村
15,新潟県,15211,見附市,0,一般の市区町村
15,新潟県,15212,村上市,0,一般の市区町村
15,新潟県,15213,燕市,0,一般の市区町村
15,新潟県,15216,糸魚川市,0,一般の市区町村
15,新潟県,15217,妙高市,0,一般の市区町村
15,新潟県,15218,五泉市,0,一般の市区町村
15,新潟県,15222,上越市,0,一般の市区町村
15,新潟県,15223,阿賀野市,0,一般の市区町村
15,新潟県,15224,佐渡市,0,一般の市区町村
15,新潟県,15225,魚沼市,0,一般の市区町村
15,新潟県,15226,南魚沼市,0,一般の市区町村
15,新潟県,15227,胎内市,0,一般の市区町村
15,新潟県,15307,聖籠町,0,一般の市区町村
15,新潟県,15342,弥彦村,0,一般の市区町村
15,新潟県,15361,田上町,0,一般の市区町村
15,新潟県,15385,阿賀町,0,一般の市区町村
15,新潟県,15405,出雲崎町,0,一般の市区町村
15,新潟県,15461,湯沢町,0,一般の市区町村
15,新潟県,15482,津南町,0,一般の市区町村
15,新潟県,15504,刈羽村,0,一般の市区町村
15,新潟県,15581,関川村,0,一般の市区町村
15,新潟県,15586,粟島浦村,0,一般の市区町村
16,富山県,16201,富山市,0,一般の市区町村
16,富山県,16202,高岡市,0,一般の市区町村
16,富山県,16204,魚津市,0,一般の市区町村
16,富山県,16205,氷見市,0,一般の市区町村
16,富山県,16206,滑川市,0,一般の市区町村
16,富山県,16207,黒部市,0,一般の市区町村
16,富山県,16208,砺波市,0,一般の市区町村
16,富山県,16209,小矢部市,0,一般の市区町村
16,富山県,16210,南砺市,0,一般の市区町村
16,富山県,16211,射水市,0,一般の市区町村
16,富山県,16321,舟橋村,0,一般の市区町村
16,富山県,16322,上市町,0,一般の市区町村
16,富山県,16323,立山町,0,一般の市区町村
16,富山県,16342,入善町,0,一般の市区町村
16,富山県,16343,朝日町,0,一般の市区町村
17,石川県,17201,金沢市,0,一般の市区町村
17,石川県,17202,七尾市,0,一般の市区町村
17,石川県,17203,小松市,0,一般の市区町村
17,石川県,17204,輪島市,0,一般の市区町村
17,石川県,17205,珠洲市,0,一般の市区町村
17,石川県,17206,加賀市,0,一般の市区町村
17,石川県,17207,羽咋市,0,一般の市区町村
17,石川県,17209,かほく市,0,一般の市区町村
17,石川県,17210,白山市,0,一般の市区町村
17,石川県,17211,能美市,0,一般の市区町村
17,石川県,17212,野々市市,0,一般の市区町村
17,石川県,17324,川北町,0,一般の市区町村
17,石川県,17361,津幡町,0,一般の市区町村
17,石川県,17365,内灘町,0,一般の市区町村
17,石川県,17384,志賀町,0,一般の市区町村
17,石川県,17386,宝達志水町,0,一般の市区町村
17,石川県,17407,中能登町,0,一般の市区町村
17,石川県,17461,穴水町,0,一般の市区町村
17,石川県,17463,能登町,0,一般の市区町村
18,福井県,18201,福井市,0,一般の市区町村
18,福井県,18202,敦賀市,0,一般の市区町村
18,福井県,18204,小浜市,0,一般の市区町村
18,福井県,18205,大野市,0,一般の市区町村
18,福井県,18206,勝山市,0,一般の市区町村
18,福井県,18207,鯖江市,0,一般の市区町村
18,福井県,18208,あわら市,0,一般の市区町村
18,福井県,18209,越前市,0,一般の市区町村
18,福井県,18210,坂井市,0,一般の市区町村
18,福井県,18322,永平寺町,0,一般の市区町村
18,福井県,18382,池田町,0,一般の市区町村
18,福井県,18404,南越前町,0,一般の市区町村
18,福井県,18423,越前町,0,一般の市区町村
18,福井県,18442,美浜町,0,一般の市区町村
18,福井県,18481,高浜町,0,一般の市区町村
18,福井県,18483,おおい町,0,一般の市区町村
18,福井県,18501,若狭町,0,一般の市区町村
19,山梨県,19201,甲府市,0,一般の市区町村
19,山梨県,19202,富士吉田市,0,一般の市区町村
19,山梨県,19204,都留市,0,一般の市区町村
19,山梨県,19205,山梨市,0,一般の市区町村
19,山梨県,19206,大月市,0,一般の市区町村
19,山梨県,19207,韮崎市,0,一般の市区町村
19,山梨県,19208,南アルプス市,0,一般の市区町村
19,山梨県,19209,北杜市,0,一般の市区町村
19,山梨県,19210,甲斐市,0,一般の市区町村
19,山梨県,19211,笛吹市,0,一般の市区町村
19,山梨県,19212,上野原市,0,一般の市区町村
19,山梨県,19213,甲州市,0,一般の市区町村
19,山梨県,19214,中央市,0,一般の市区町村
19,山梨県,19346,市川三郷町,0,一般の市区町村
19,山梨県,19364,早川町,0,一般の市区町村
19,山梨県,19365,身延町,0,一般の市区町村
19,山梨県,19366,南部町,0,一般の市区町村
19,山梨県,19368,富士川町,0,一般の市区町村
19,山梨県,19384,昭和町,0,一般の市区町村
19,山梨県,19422,道志村,0,一般の市区町村
19,山梨県,19423,西桂町,0,一般の市区町村
19,山梨県,19424,忍野村,0,一般の市区町村
19,山梨県,19425,山中湖村,0,一般の市区町村
19,山梨県,19429,鳴沢村,0,一般の市区町村
19,山梨県,19430,富士河口湖町,0,一般の市区町村
19,山梨県,19442,小菅村,0,一般の市区町村
19,山梨県,19443,丹波山村,0,一般の市区町村
20,長野県,20201,長野市,0,一般の市区町村
20,長野県,20202,松本市,0,一般の市区町村
20,長野県,20203,上田市,0,一般の市区町村
20,長野県,20204,岡谷市,0,一般の市区町村
20,長野県,20205,飯田市,0,一般の市区町村
20,長野県,20206,諏訪市,0,一般の市区町村
20,長野県,20207,須坂市,0,一般の市区町村
20,長野県,20208,小諸市,0,一般の市区町村
20,長野県,20209,伊那市,0,一般の市区町村
20,長野県,20210,駒ヶ根市,0,一般の市区町村
20,長野県,20211,中野市,0,一般の市区町村
20,長野県,20212,大町市,0,一般の市区町村
20,長野県,20213,飯山市,0,一般の市区町村
20,長野県,20214,茅野市,0,一般の市区町村
20,長野県,20215,塩尻市,0,一般の市区町村
20,長野県,20217,佐久市,0,一般の市区町村
20,長野県,20218,千曲市,0,一般の市区町村
20,長野県,20219,東御市,0,一般の市区町村
20,長野県,20220,安曇野市,0,一般の市区町村
20,長野県,20303,小海町,0,一般の市区町村
20,長野県,20304,川上村,0,一般の市区町村
20,長野県,20305,南牧村,0,一般の市区町村
20,長野県,20306,南相木村,0,一般の市区町村
20,長野県,20307,北相木村,0,一般の市区町村
20,長野県,20309,佐久穂町,0,一般の市区町村
20,長野県,20321,軽井沢町,0,一般の市区町村
20,長野県,20323,御代田町,0,一般の市区町村
20,長野県,20324,立科町,0,一般の市区町村
20,長野県,20349,青木村,0,一般の市区町村
20,長野県,20350,長和町,0,一般の市区町村
20,長野県,20361,下諏訪町,0,一般の市区町村
20,長野県,20362,富士見町,0,一般の市区町村
20,長野県,20363,原村,0,一般の市区町村
20,長野県,20382,辰野町,0,一般の市区町村
20,長野県,20383,箕輪町,0,一般の市区町村
20,長野県,20384,飯島町,0,一般の市区町村
20,長野県,20385,南箕輪村,0,一般の市区町村
20,長野県,20386,中川村,0,一般の市区町村
20,長野県,20388,宮田村,0,一般の市区町村
20,長野県,20402,松川町,0,一般の市区町村
20,長野県,20403,高森町,0,一般の市区町村
20,長野県,20404,阿南町,0,一般の市区町村
20,長野県,20407,阿智村,0,一般の市区町村
20,長野県,20409,平谷村,0,一般の市区町村
20,長野県,20410,根羽村,0,一般の市区町村
20,長野県,20411,下條村,0,一般の市区町村
20,長野県,20412,売木村,0,一般の市区町村
20,長野県,20413,天龍村,0,一般の市区町村
20,長野県,20414,泰阜村,0,一般の市区町村
20,長野県,20415,喬木村,0,一般の市区町村
20,長野県,20416,豊丘村,0,一般の市区町村
20,長野県,20417,大鹿村,0,一般の市区町村
20,長野県,20422,上松町,0,一般の市区町村
20,長野県,20423,南木曽町,0,一般の市区町村
20,長野県,20425,木祖村,0,一般の市区町村
20,長野県,20429,王滝村,0,一般の市区町村
20,長野県,20430,大桑村,0,一般の市区町村
20,長野県,20432,木曽町,0,一般の市区町村
20,長野県,20446,麻績村,0,一般の市区町村
20,長野県,20448,生坂村,0,一般の市区町村
20,長野県,20450,山形村,0,一般の市区町村
20,長野県,20451,朝日村,0,一般の市区町村
20,長野県,20452,筑北村,0,一般の市区町村
20,長野県,20481,池田町,0,一般の市区町村
20,長野県,20482,松川村,0,一般の市区町村
20,長野県,20485,白馬村,0,一般の市区町村
20,長野県,20486,小谷村,0,一般の市区町村
20,長野県,20521,坂城町,0,一般の市区町村
20,長野県,20541,小布施町,0,一般の市区町村
20,長野県,20543,高山村,0,一般の市区町村
20,長野県,20561,山ノ内町,0,一般の市区町村
20,長野県,20562,木島平村,0,一般の市区町村
20,長野県,20563,野沢温泉村,0,一般の市区町村
20,長野県,20583,信濃町,0,一般の市区町村
20,長野県,20588,小川村,0,一般の市区町村
20,長野県,20590,飯綱町,0,一般の市区町村
20,長野県,20602,栄村,0,一般の市区町村
21,岐阜県,21201,岐阜市,0,一般の市区町村
21,岐阜県,21202,大垣市,0,一般の市区町村
21,岐阜県,21203,高山市,0,一般の市区町村
21,岐阜県,21204,多治見市,0,一般の市区町村
21,岐阜県,21205,関市,0,一般の市区町村
21,岐阜県,21206,中津川市,0,一般の市区町村
21,岐阜県,21207,美濃市,0,一般の市区町村
21,岐阜県,21208,瑞浪市,0,一般の市区町村
21,岐阜県,21209,羽島市,0,一般の市区町村
21,岐阜県,21210,恵那市,0,一般の市区町村
21,岐阜県,21211,美濃加茂市,0,一般の市区町村
21,岐阜県,21212,土岐市,0,一般の市区町村
21,岐阜県,21213,各務原市,0,一般の市区町村
21,岐阜県,21214,可児市,0,一般の市区町村
21,岐阜県,21215,山県市,0,一般の市区町村
21,岐阜県,21216,瑞穂市,0,一般の市区町村
21,岐阜県,21217,飛騨市,0,一般の市区町村
21,岐阜県,21218,本巣市,0,一般の市区町村
21,岐阜県,21219,郡上市,0,一般の市区町村
21,岐阜県,21220,下呂市,0,一般の市区町村
21,岐阜県,21221,海津市,0,一般の市区町村
21,岐阜県,21302,岐南町,0,一般の市区町村
21,岐阜県,21303,笠松町,0,一般の市区町村
21,岐阜県,21341,養老町,0,一般の市区町村
21,岐阜県,21361,垂井町,0,一般の市区町村
21,岐阜県,21362,関ケ原町,0,一般の市区町村
21,岐阜県,21381,神戸町,0,一般の市区町村
21,岐阜県,21382,輪之内町,0,一般の市区町村
21,岐阜県,21383,安八町,0,一般の市区町村
21,岐阜県,21401,揖斐川町,0,一般の市区町村
21,岐阜県,21403,大野町,0,一般の市区町村
21,岐阜県,21404,池田町,0,一般の市区町村
21,岐阜県,21421,北方町,0,一般の市区町村
21,岐阜県,21501,坂祝町,0,一般の市区町村
21,岐阜県,21502,富加町,0,一般の市区町村
21,岐阜県,21503,川辺町,0,一般の市区町村
21,岐阜県,21504,七宗町,0,一般の市区町村
21,岐阜県,21505,八百津町,0,一般の市区町村
21,岐阜県,21506,白川町,0,一般の市区町村
21,岐阜県,21507,東白川村,0,一般の市区町村
21,岐阜県,21521,御嵩町,0,一般の市区町村
21,岐阜県,21604,白川村,0,一般の市区町村
22,静岡県,22100,静岡市,2,政令指定都市の市
22,静岡県,22101,静岡市葵区,1,政令指定都市の区
22,静岡県,22102,静岡市駿河区,1,政令指定都市の区
22,静岡県,22103,静岡市清水区,1,政令指定都市の区
22,静岡県,22130,浜松市,2,政令指定都市の市
22,静岡県,22131,浜松市中区,1,政令指定都市の区
22,静岡県,22132,浜松市東区,1,政令指定都市の区
22,静岡県,22133,浜松市西区,1,政令指定都市の区
22,静岡県,22134,浜松市南区,1,政令指定都市の区
22,静岡県,22135,浜松市北区,1,政令指定都市の区
22,静岡県,22136,浜松市浜北区,1,政令指定都市の区
22,静岡県,22137,浜松市天竜区,1,政令指定都市の区
22,静岡県,22203,沼津市,0,一般の市区町村
22,静岡県,22205,熱海市,0,一般の市区町村
22,静岡県,22206,三島市,0,一般の市区町村
22,静岡県,22207,富士宮市,0,一般の市区町村
22,静岡県,22208,伊東市,0,一般の市区町村
22,静岡県,22209,島田市,0,一般の市区町村
22,静岡県,22210,富士市,0,一般の市区町村
22,静岡県,22211,磐田市,0,一般の市区町村
22,静岡県,22212,焼津市,0,一般の市区町村
22,静岡県,22213,掛川市,0,一般の市区町村
22,静岡県,22214,藤枝市,0,一般の市区町村
22,静岡県,22215,御殿場市,0,一般の市区町村
22,静岡県,22216,袋井市,0,一般の市区町村
22,静岡県,22219,下田市,0,一般の市区町村
22,静岡県,22220,裾野市,0,一般の市区町村
22,静岡県,22221,湖西市,0,一般の市区町村
22,静岡県,22222,伊豆市,0,一般の市区町村
22,静岡県,22223,御前崎市,0,一般の市区町村
22,静岡県,22224,菊川市,0,一般の市区町村
22,静岡県,22225,伊豆の国市,0,一般の市区町村
22,静岡県,22226,牧之原市,0,一般の市区町村
22,静岡県,22301,東伊豆町,0,一般の市区町村
22,静岡県,22302,河津町,0,一般の市区町村
22,静岡県,22304,南伊豆町,0,一般の市区町村
22,静岡県,22305,松崎町,0,一般の市区町村
22,静岡県,22306,西伊豆町,0,一般の市区町村
22,静岡県,22325,函南町,0,一般の市区町村
22,静岡県,22341,清水町,0,一般の市区町村
22,静岡県,22342,長泉町,0,一般の市区町村
22,静岡県,22344,小山町,0,一般の市区町村
22,静岡県,22424,吉田町,0,一般の市区町村
22,静岡県,22429,川根本町,0,一般の市区町村
22,静岡県,22461,森町,0,一般の市区町村
23,愛知県,23100,名古屋市,2,政令指定都市の市
23,愛知県,23101,名古屋市千種区,1,政令指定都市の区
23,愛知県,23102,名古屋市東区,1,政令指定都市の区
23,愛知県,23103,名古屋市北区,1,政令指定都市の区
23,愛知県,23104,名古屋市西区,1,政令指定都市の区
23,愛知県,23105,名古屋市中村区,1,政令指定都市の区
23,愛知県,23106,名古屋市中区,1,政令指定都市の区
23,愛知県,23107,名古屋市昭和区,1,政令指定都市の区
23,愛知県,23108,名古屋市瑞穂区,1,政令指定都市の区
23,愛知県,23109,名古屋市熱田区,1,政令指定都市の区
23,愛知県,23110,名古屋市中川区,1,政令指定都市の区
23,愛知県,23111,名古屋市港区,1,政令指定都市の区
23,愛知県,23112,名古屋市南区,1,政令指定都市の区
23,愛知県,23113,名古屋市守山区,1,政令指定都市の区
23,愛知県,23114,名古屋市緑区,1,政令指定都市の区
23,愛知県,23115,名古屋市名東区,1,政令指定都市の区
23,愛知県,23116,名古屋市天白区,1,政令指定都市の区
23,愛知県,23201,豊橋市,0,一般の市区町村
23,愛知県,23202,岡崎市,0,一般の市区町村
23,愛知県,23203,一宮市,0,一般の市区町村
23,愛知県,23204,瀬戸市,0,一般の市区町村
23,愛知県,23205,半田市,0,一般の市区町村
23,愛知県,23206,春日井市,0,一般の市区町村
23,愛知県,23207,豊川市,0,一般の市区町村
23,愛知県,23208,津島市,0,一般の市区町村
23,愛知県,23209,碧南市,0,一般の市区町村
23,愛知県,23210,刈谷市,0,一般の市区町村
23,愛知県,23211,豊田市,0,一般の市区町村
23,愛知県,23212,安城市,0,一般の市区町村
23,愛知県,23213,西尾市,0,一般の市区町村
23,愛知県,23214,蒲郡市,0,一般の市区町村
23,愛知県,23215,犬山市,0,一般の市区町村
23,愛知県,23216,常滑市,0,一般の市区町村
23,愛知県,23217,江南市,0,一般の市区町村
23,愛知県,23219,小牧市,0,一般の市区町村
23,愛知県,23220,稲沢市,0,一般の市区町村
23,愛知県,23221,新城市,0,一般の市区町村
23,愛知県,23222,東海市,0,一般の市区町村
23,愛知県,23223,大府市,0,一般の市区町村
23,愛知県,23224,知多市,0,一般の市区町村
23,愛知県,23225,知立市,0,一般の市区町村
23,愛知県,23226,尾張旭市,0,一般の市区町村
23,愛知県,23227,高浜市,0,一般の市区町村
23,愛知県,23228,岩倉市,0,一般の市区町村
23,愛知県,23229,豊明市,0,一般の市区町村
23,愛知県,23230,日進市,0,一般の市区町村
23,愛知県,23231,田原市,0,一般の市区町村
23,愛知県,23232,愛西市,0,一般の市区町村
23,愛知県,23233,清須市,0,一般の市区町村
23,愛知県,23234,北名古屋市,0,一般の市区町村
23,愛知県,23235,弥富市,0,一般の市区町村
23,愛知県,23236,みよし市,0,一般の市区町村
23,愛知県,23237,あま市,0,一般の市区町村
23,愛知県,23238,長久手市,0,一般の市区町村
23,愛知県,23302,東郷町,0,一般の市区町村
23,愛知県,23342,豊山町,0,一般の市区町村
23,愛知県,23361,大口町,0,一般の市区町村
23,愛知県,23362,扶桑町,0,一般の市区町村
23,愛知県,23424,大治町,0,一般の市区町村
23,愛知県,23425,蟹江町,0,一般の市区町村
23,愛知県,23427,飛島村,0,一般の市区町村
23,愛知県,23441,阿久比町,0,一般の市区町村
23,愛知県,23442,東浦町,0,一般の市区町村
23,愛知県,23445,南知多町,0,一般の市区町村
23,愛知県,23446,美浜町,0,一般の市区町村
23,愛知県,23447,武豊町,0,一般の市区町村
23,愛知県,23501,幸田町,0,一般の市区町村
23,愛知県,23561,設楽町,0,一般の市区町村
23,愛知県,23562,東栄町,0,一般の市区町村
23,愛知県,23563,豊根村,0,一般の市区町村
24,三重県,24201,津市,0,一般の市区町村
24,三重県,24202,四日市市,0,一般の市区町村
24,三重県,24203,伊勢市,0,一般の市区町村
24,三重県,24204,松阪市,0,一般の市区町村
24,三重県,24205,桑名市,0,一般の市区町村
24,三重県,24207,鈴鹿市,0,一般の市区町村
24,三重県,24208,名張市,0,一般の市区町村
24,三重県,24209,尾鷲市,0,一般の市区町村
24,三重県,24210,亀山市,0,一般の市区町村
24,三重県,24211,鳥羽市,0,一般の市区町村
24,三重県,24212,熊野市,0,一般の市区町村
24,三重県,24214,いなべ市,0,一般の市区町村
24,三重県,24215,志摩市,0,一般の市区町村
24,三重県,24216,伊賀市,0,一般の市区町村
24,三重県,24303,木曽岬町,0,一般の市区町村
24,三重県,24324,東員町,0,一般の市区町村
24,三重県,24341,菰野町,0,一般の市区町村
24,三重県,24343,朝日町,0,一般の市区町村
24,三重県,24344,川越町,0,一般の市区町村
24,三重県,24441,多気町,0,一般の市区町村
24,三重県,24442,明和町,0,一般の市区町村
24,三重県,24443,大台町,0,一般の市区町村
24,三重県,24461,玉城町,0,一般の市区町村
24,三重県,24470,度会町,0,一般の市区町村
24,三重県,24471,大紀町,0,一般の市区町村
24,三重県,24472,南伊勢町,0,一般の市区町村
24,三重県,24543,紀北町,0,一般の市区町村
24,三重県,24561,御浜町,0,一般の市区町村
24,三重県,24562,紀宝町,0,一般の市区町村
25,滋賀県,25201,大津市,0,一般の市区町村
25,滋賀県,25202,彦根市,0,一般の市区町村
25,滋賀県,25203,長浜市,0,一般の市区町村
25,滋賀県,25204,近江八幡市,0,一般の市区町村
25,滋賀県,25206,草津市,0,一般の市区町村
25,滋賀県,25207,守山市,0,一般の市区町村
25,滋賀県,25208,栗東市,0,一般の市区町村
25,滋賀県,25209,甲賀市,0,一般の市区町村
25,滋賀県,25210,野洲市,0,一般の市区町村
25,滋賀県,25211,湖南市,0,一般の市区町村
25,滋賀県,25212,高島市,0,一般の市区町村
25,滋賀県,25213,東近江市,0,一般の市区町村
25,滋賀県,25214,米原市,0,一般の市区町村
25,滋賀県,25383,日野町,0,一般の市区町村
25,滋賀県,25384,竜王町,0,一般の市区町村
25,滋賀県,25425,愛荘町,0,一般の市区町村
25,滋賀県,25441,豊郷町,0,一般の市区町村
25,滋賀県,25442,甲良町,0,一般の市区町村
25,滋賀県,25443,多賀町,0,一般の市区町村
26,京都府,26100,京都市,2,政令指定都市の市
26,京都府,26101,京都市北区,1,政令指定都市の区
26,京都府,26102,京都市上京区,1,政令指定都市の区
26,京都府,26103,京都市左京区,1,政令指定都市の区
26,京都府,26104,京都市中京区,1,政令指定都市の区
26,京都府,26105,京都市東山区,1,政令指定都市の区
26,京都府,26106,京都市下京区,1,政令指定都市の区
26,京都府,26107,京都市南区,1,政令指定都市の区
26,京都府,26108,京都市右京区,1,政令指定都市の区
26,京都府,26109,京都市伏見区,1,政令指定都市の区
26,京都府,26110,京都市山科区,1,政令指定都市の区
26,京都府,26111,京都市西京区,1,政令指定都市の区
26,京都府,26201,福知山市,0,一般の市区町村
26,京都府,26202,舞鶴市,0,一般の市区町村
26,京都府,26203,綾部市,0,一般の市区町村
26,京都府,26204,宇治市,0,一般の市区町村
26,京都府,26205,宮津市,0,一般の市区町村
26,京都府,26206,亀岡市,0,一般の市区町村
26,京都府,26207,城陽市,0,一般の市区町村
26,京都府,26208,向日市,0,一般の市区町村
26,京都府,26209,長岡京市,0,一般の市区町村
26,京都府,26210,八幡市,0,一般の市区町村
26,京都府,26211,京田辺市,0,一般の市区町村
26,京都府,26212,京丹後市,0,一般の市区町村
26,京都府,26213,南丹市,0,一般の市区町村
26,京都府,26214,木津川市,0,一般の市区町村
26,京都府,26303,大山崎町,0,一般の市区町村
26,京都府,26322,久御山町,0,一般の市区町村
26,京都府,26343,井手町,0,一般の市区町村
26,京都府,26344,宇治田原町,0,一般の市区町村
26,京都府,26364,笠置町,0,一般の市区町村
26,京都府,26365,和束町,0,一般の市区町村
26,京都府,26366,精華町,0,一般の市区町村
26,京都府,26367,南山城村,0,一般の市区町村
26,京都府,26407,京丹波町,0,一般の市区町村
26,京都府,26463,伊根町,0,一般の市区町村
26,京都府,26465,与謝野町,0,一般の市区町村
27,大阪府,27100,大阪市,2,政令指定都市の市
27,大阪府,27102,大阪市都島区,1,政令指定都市の区
27,大阪府,27103,大阪市福島区,1,政令指定都市の区
27,大阪府,27104,大阪市此花区,1,政令指定都市の区
27,大阪府,27106,大阪市西区,1,政令指定都市の区
27,大阪府,27107,大阪市港区,1,政令指定都市の区
27,大阪府,27108,大阪市大正区,1,政令指定都市の区
27,大阪府,27109,大阪市天王寺区,1,政令指定都市の区
27,大阪府,27111,大阪市浪速区,1,政令指定都市の区
27,大阪府,27113,大阪市西淀川区,1,政令指定都市の区
27,大阪府,27114,大阪市東淀川区,1,政令指定都市の区
27,大阪府,27115,大阪市東成区,1,政令指定都市の区
27,大阪府,27116,大阪市生野区,1,政令指定都市の区
27,大阪府,27117,大阪市旭区,1,政令指定都市の区
27,大阪府,27118,大阪市城東区,1,政令指定都市の区
27,大阪府,27119,大阪市阿倍野区,1,政令指定都市の区
27,大阪府,27120,大阪市住吉区,1,政令指定都市の区
27,大阪府,27121,大阪市東住吉区,1,政令指定都市の区
27,大阪府,27122,大阪市西成区,1,政令指定都市の区
27,大阪府,27123,大阪市淀川区,1,政令指定都市の区
27,大阪府,27124,大阪市鶴見区,1,政令指定都市の区
27,大阪府,27125,大阪市住之江区,1,政令指定都市の区
27,大阪府,27126,大阪市平野区,1,政令指定都市の区
27,大阪府,27127,大阪市北区,1,政令指定都市の区
27,大阪府,27128,大阪市中央区,1,政令指定都市の区
27,大阪府,27140,堺市,2,政令指定都市の市
27,大阪府,27141,堺市堺区,1,政令指定都市の区
27,大阪府,27142,堺市中区,1,政令指定都市の区
27,大阪府,27143,堺市東区,1,政令指定都市の区
27,大阪府,27144,堺市西区,1,政令指定都市の区
27,大阪府,27145,堺市南区,1,政令指定都市の区
27,大阪府,27146,堺市北区,1,政令指定都市の区
27,大阪府,27147,堺市美原区,1,政令指定都市の区
27,大阪府,27202,岸和田市,0,一般の市区町村
27,大阪府,27203,豊中市,0,一般の市区町村
27,大阪府,27204,池田市,0,一般の市区町村
27,大阪府,27205,吹田市,0,一般の市区町村
27,大阪府,27206,泉大津市,0,一般の市区町村
27,大阪府,27207,高槻市,0,一般の市区町村
27,大阪府,27208,貝塚市,0,一般の市区町村
27,大阪府,27209,守口市,0,一般の市区町村
27,大阪府,27210,枚方市,0,一般の市区町村
27,大阪府,27211,茨木市,0,一般の市区町村
27,大阪府,27212,八尾市,0,一般の市区町村
27,大阪府,27213,泉佐野市,0,一般の市区町村
27,大阪府,27214,富田林市,0,一般の市区町村
27,大阪府,27215,寝屋川市,0,一般の市区町村
27,大阪府,27216,河内長野市,0,一般の市区町村
27,大阪府,27217,松原市,0,一般の市区町村
27,大阪府,27218,大東市,0,一般の市区町村
27,大阪府,27219,和泉市,0,一般の市区町村
27,大阪府,27220,箕面市,0,一般の市区町村
27,大阪府,27221,柏原市,0,一般の市区町村
27,大阪府,27222,羽曳野市,0,一般の市区町村
27,大阪府,27223,門真市,0,一般の市区町村
27,大阪府,27224,摂津市,0,一般の市区町村
27,大阪府,27225,高石市,0,一般の市区町村
27,大阪府,27226,藤井寺市,0,一般の市区町村
27,大阪府,27227,東大阪市,0,一般の市区町村
27,大阪府,27228,泉南市,0,一般の市区町村
27,大阪府,27229,四條畷市,0,一般の市区町村
27,大阪府,27230,交野市,0,一般の市区町村
27,大阪府,27231,大阪狭山市,0,一般の市区町村
27,大阪府,27232,阪南市,0,一般の市区町村
27,大阪府,27301,島本町,0,一般の市区町村
27,大阪府,27321,豊能町,0,一般の市区町村
27,大阪府,27322,能勢町,0,一般の市区町村
27,大阪府,27341,忠岡町,0,一般の市区町村
27,大阪府,27361,熊取町,0,一般の市区町村
27,大阪府,27362,田尻町,0,一般の市区町村
27,大阪府,27366,岬町,0,一般の市区町村
27,大阪府,27381,太子町,0,一般の市区町村
27,大阪府,27382,河南町,0,一般の市区町村
27,大阪府,27383,千早赤阪村,0,一般の市区町村
28,兵庫県,28100,神戸市,2,政令指定都市の市
28,兵庫県,28101,神戸市東灘区,1,政令指定都市の区
28,兵庫県,28102,神戸市灘区,1,政令指定都市の区
28,兵庫県,28105,神戸市兵庫区,1,政令指定都市の区
28,兵庫県,28106,神戸市長田区,1,政令指定都市の区
28,兵庫県,28107,神戸市須磨区,1,政令指定都市の区
28,兵庫県,28108,神戸市垂水区,1,政令指定都市の区
28,兵庫県,28109,神戸市北区,1,政令指定都市の区
28,兵庫県,28110,神戸市中央区,1,政令指定都市の区
28,兵庫県,28111,神戸市西区,1,政令指定都市の区
28,兵庫県,28201,姫路市,0,一般の市区町村
28,兵庫県,28202,尼崎市,0,一般の市区町村
28,兵庫県,28203,明石市,0,一般の市区町村
28,兵庫県,28204,西宮市,0,一般の市区町村
28,兵庫県,28205,洲本市,0,一般の市区町村
28,兵庫県,28206,芦屋市,0,一般の市区町村
28,兵庫県,28207,伊丹市,0,一般の市区町村
28,兵庫県,28208,相生市,0,一般の市区町村
28,兵庫県,28209,豊岡市,0,一般の市区町村
28,兵庫県,28210,加古川市,0,一般の市区町村
28,兵庫県,28212,赤穂市,0,一般の市区町村
28,兵庫県,28213,西脇市,0,一般の市区町村
28,兵庫県,28214,宝塚市,0,一般の市区町村
28,兵庫県,28215,三木市,0,一般の市区町村
28,兵庫県,28216,高砂市,0,一般の市区町村
28,兵庫県,28217,川西市,0,一般の市区町村
28,兵庫県,28218,小野市,0,一般の市区町村
28,兵庫県,28219,三田市,0,一般の市区町村
28,兵庫県,28220,加西市,0,一般の市区町村
28,兵庫県,28221,篠山市,0,一般の市区町村
28,兵庫県,28222,養父市,0,一般の市区町村
28,兵庫県,28223,丹波市,0,一般の市区町村
28,兵庫県,28224,南あわじ市,0,一般の市区町村
28,兵庫県,28225,朝来市,0,一般の市区町村
28,兵庫県,28226,淡路市,0,一般の市区町村
28,兵庫県,28227,宍粟市,0,一般の市区町村
28,兵庫県,28228,加東市,0,一般の市区町村
28,兵庫県,28229,たつの市,0,一般の市区町村
28,兵庫県,28301,猪名川町,0,一般の市区町村
28,兵庫県,28365,多可町,0,一般の市区町村
28,兵庫県,28381,稲美町,0,一般の市区町村
28,兵庫県,28382,播磨町,0,一般の市区町村
28,兵庫県,28442,市川町,0,一般の市区町村
28,兵庫県,28443,福崎町,0,一般の市区町村
28,兵庫県,28446,神河町,0,一般の市区町村
28,兵庫県,28464,太子町,0,一般の市区町村
28,兵庫県,28481,上郡町,0,一般の市区町村
28,兵庫県,28501,佐用町,0,一般の市区町村
28,兵庫県,28585,香美町,0,一般の市区町村
28,兵庫県,28586,新温泉町,0,一般の市区町村
29,奈良県,29201,奈良市,0,一般の市区町村
29,奈良県,29202,大和高田市,0,一般の市区町村
29,奈良県,29203,大和郡山市,0,一般の市区町村
29,奈良県,29204,天理市,0,一般の市区町村
29,奈良県,29205,橿原市,0,一般の市区町村
29,奈良県,29206,桜井市,0,一般の市区町村
29,奈良県,29207,五條市,0,一般の市区町村
29,奈良県,29208,御所市,0,一般の市区町村
29,奈良県,29209,生駒市,0,一般の市区町村
29,奈良県,29210,香芝市,0,一般の市区町村
29,奈良県,29211,葛城市,0,一般の市区町村
29,奈良県,29212,宇陀市,0,一般の市区町村
29,奈良県,29322,山添村,0,一般の市区町村
29,奈良県,29342,平群町,0,一般の市区町村
29,奈良県,29343,三郷町,0,一般の市区町村
29,奈良県,29344,斑鳩町,0,一般の市区町村
29,奈良県,29345,安堵町,0,一般の市区町村
29,奈良県,29361,川西町,0,一般の市区町村
29,奈良県,29362,三宅町,0,一般の市区町村
29,奈良県,29363,田原本町,0,一般の市区町村
29,奈良県,29385,曽爾村,0,一般の市区町村
29,奈良県,29386,御杖村,0,一般の市区町村
29,奈良県,29401,高取町,0,一般の市区町村
29,奈良県,29402,明日香村,0,一般の市区町村
29,奈良県,29424,上牧町,0,一般の市区町村
29,奈良県,29425,王寺町,0,一般の市区町村
29,奈良県,29426,広陵町,0,一般の市区町村
29,奈良県,29427,河合町,0,一般の市区町村
29,奈良県,29441,吉野町,0,一般の市区町村
29,奈良県,29442,大淀町,0,一般の市区町村
29,奈良県,29443,下市町,0,一般の市区町村
29,奈良県,29444,黒滝村,0,一般の市区町村
29,奈良県,29446,天川村,0,一般の市区町村
29,奈良県,29447,野迫川村,0,一般の市区町村
29,奈良県,29449,十津川村,0,一般の市区町村
29,奈良県,29450,下北山村,0,一般の市区町村
29,奈良県,29451,上北山村,0,一般の市区町村
29,奈良県,29452,川上村,0,一般の市区町村
29,奈良県,29453,東吉野村,0,一般の市区町村
30,和歌山県,30201,和歌山市,0,一般の市区町村
30,和歌山県,30202,海南市,0,一般の市区町村
30,和歌山県,30203,橋本市,0,一般の市区町村
30,和歌山県,30204,有田市,0,一般の市区町村
30,和歌山県,30205,御坊市,0,一般の市区町村
30,和歌山県,30206,田辺市,0,一般の市区町村
30,和歌山県,30207,新宮市,0,一般の市区町村
30,和歌山県,30208,紀の川市,0,一般の市区町村
30,和歌山県,30209,岩出市,0,一般の市区町村
30,和歌山県,30304,紀美野町,0,一般の市区町村
30,和歌山県,30341,かつらぎ町,0,一般の市区町村
30,和歌山県,30343,九度山町,0,一般の市区町村
30,和歌山県,30344,高野町,0,一般の市区町村
30,和歌山県,30361,湯浅町,0,一般の市区町村
30,和歌山県,30362,広川町,0,一般の市区町村
30,和歌山県,30366,有田川町,0,一般の市区町村
30,和歌山県,30381,美浜町,0,一般の市区町村
30,和歌山県,30382,日高町,0,一般の市区町村
30,和歌山県,30383,由良町,0,一般の市区町村
30,和歌山県,30390,印南町,0,一般の市区町村
30,和歌山県,30391,みなべ町,0,一般の市区町村
30,和歌山県,30392,日高川町,0,一般の市区町村
30,和歌山県,30401,白浜町,0,一般の市区町村
30,和歌山県,30404,上富田町,0,一般の市区町村
30,和歌山県,30406,すさみ町,0,一般の市区町村
30,和歌山県,30421,那智勝浦町,0,一般の市区町村
30,和歌山県,30422,太地町,0,一般の市区町村
30,和歌山県,30424,古座川町,0,一般の市区町村
30,和歌山県,30427,北山村,0,一般の市区町村
30,和歌山県,30428,串本町,0,一般の市区町村
31,鳥取県,31201,鳥取市,0,一般の市区町村
31,鳥取県,31202,米子市,0,一般の市区町村
31,鳥取県,31203,倉吉市,0,一般の市区町村
31,鳥取県,31204,境港市,0,一般の市区町村
31,鳥取県,31302,岩美町,0,一般の市区町村
31,鳥取県,31325,若桜町,0,一般の市区町村
31,鳥取県,31328,智頭町,0,一般の市区町村
31,鳥取県,31329,八頭町,0,一般の市区町村
31,鳥取県,31364,三朝町,0,一般の市区町村
31,鳥取県,31370,湯梨浜町,0,一般の市区町村
31,鳥取県,31371,琴浦町,0,一般の市区町村
31,鳥取県,31372,北栄町,0,一般の市区町村
31,鳥取県,31384,日吉津村,0,一般の市区町村
31,鳥取県,31386,大山町,0,一般の市区町村
31,鳥取県,31389,南部町,0,一般の市区町村
31,鳥取県,31390,伯耆町,0,一般の市区町村
31,鳥取県,31401,日南町,0,一般の市区町村
31,鳥取県,31402,日野町,0,一般の市区町村
31,鳥取県,31403,江府町,0,一般の市区町村
32,島根県,32201,松江市,0,一般の市区町村
32,島根県,32202,浜田市,0,一般の市区町村
32,島根県,32203,出雲市,0,一般の市区町村
32,島根県,32204,益田市,0,一般の市区町村
32,島根県,32205,大田市,0,一般の市区町村
32,島根県,32206,安来市,0,一般の市区町村
32,島根県,32207,江津市,0,一般の市区町村
32,島根県,32209,雲南市,0,一般の市区町村
32,島根県,32343,奥出雲町,0,一般の市区町村
32,島根県,32386,飯南町,0,一般の市区町村
32,島根県,32441,川本町,0,一般の市区町村
32,島根県,32448,美郷町,0,一般の市区町村
32,島根県,32449,邑南町,0,一般の市区町村
32,島根県,32501,津和野町,0,一般の市区町村
32,島根県,32505,吉賀町,0,一般の市区町村
32,島根県,32525,海士町,0,一般の市区町村
32,島根県,32526,西ノ島町,0,一般の市区町村
32,島根県,32527,知夫村,0,一般の市区町村
32,島根県,32528,隠岐の島町,0,一般の市区町村
33,岡山県,33100,岡山市,2,政令指定都市の市
33,岡山県,33101,岡山市北区,1,政令指定都市の区
33,岡山県,33102,岡山市中区,1,政令指定都市の区
33,岡山県,33103,岡山市東区,1,政令指定都市の区
33,岡山県,33104,岡山市南区,1,政令指定都市の区
33,岡山県,33202,倉敷市,0,一般の市区町村
33,岡山県,33203,津山市,0,一般の市区町村
33,岡山県,33204,玉野市,0,一般の市区町村
33,岡山県,33205,笠岡市,0,一般の市区町村
33,岡山県,33207,井原市,0,一般の市区町村
33,岡山県,33208,総社市,0,一般の市区町村
33,岡山県,33209,高梁市,0,一般の市区町村
33,岡山県,33210,新見市,0,一般の市区町村
33,岡山県,33211,備前市,0,一般の市区町村
33,岡山県,33212,瀬戸内市,0,一般の市区町村
33,岡山県,33213,赤磐市,0,一般の市区町村
33,岡山県,33214,真庭市,0,一般の市区町村
33,岡山県,33215,美作市,0,一般の市区町村
33,岡山県,33216,浅口市,0,一般の市区町村
33,岡山県,33346,和気町,0,一般の市区町村
33,岡山県,33423,早島町,0,一般の市区町村
33,岡山県,33445,里庄町,0,一般の市区町村
33,岡山県,33461,矢掛町,0,一般の市区町村
33,岡山県,33586,新庄村,0,一般の市区町村
33,岡山県,33606,鏡野町,0,一般の市区町村
33,岡山県,33622,勝央町,0,一般の市区町村
33,岡山県,33623,奈義町,0,一般の市区町村
33,岡山県,33643,西粟倉村,0,一般の市区町村
33,岡山県,33663,久米南町,0,一般の市区町村
33,岡山県,33666,美咲町,0,一般の市区町村
33,岡山県,33681,吉備中央町,0,一般の市区町村
34,広島県,34100,広島市,2,政令指定都市の市
34,広島県,34101,広島市中区,1,政令指定都市の区
34,広島県,34102,広島市東区,1,政令指定都市の区
34,広島県,34103,広島市南区,1,政令指定都市の区
34,広島県,34104,広島市西区,1,政令指定都市の区
34,広島県,34105,広島市安佐南区,1,政令指定都市の区
34,広島県,34106,広島市安佐北区,1,政令指定都市の区
34,広島県,34107,広島市安芸区,1,政令指定都市の区
34,広島県,34108,広島市佐伯区,1,政令指定都市の区
34,広島県,34202,呉市,0,一般の市区町村
34,広島県,34203,竹原市,0,一般の市区町村
34,広島県,34204,三原市,0,一般の市区町村
34,広島県,34205,尾道市,0,一般の市区町村
34,広島県,34207,福山市,0,一般の市区町村
34,広島県,34208,府中市,0,一般の市区町村
34,広島県,34209,三次市,0,一般の市区町村
34,広島県,34210,庄原市,0,一般の市区町村
34,広島県,34211,大竹市,0,一般の市区町村
34,広島県,34212,東広島市,0,一般の市区町村
34,広島県,34213,廿日市市,0,一般の市区町村
34,広島県,34214,安芸高田市,0,一般の市区町村
34,広島県,34215,江田島市,0,一般の市区町村
34,広島県,34302,府中町,0,一般の市区町村
34,広島県,34304,海田町,0,一般の市区町村
34,広島県,34307,熊野町,0,一般の市区町村
34,広島県,34309,坂町,0,一般の市区町村
34,広島県,34368,安芸太田町,0,一般の市区町村
34,広島県,34369,北広島町,0,一般の市区町村
34,広島県,34431,大崎上島町,0,一般の市区町村
34,広島県,34462,世羅町,0,一般の市区町村
34,広島県,34545,神石高原町,0,一般の市区町村
35,山口県,35201,下関市,0,一般の市区町村
35,山口県,35202,宇部市,0,一般の市区町村
35,山口県,35203,山口市,0,一般の市区町村
35,山口県,35204,萩市,0,一般の市区町村
35,山口県,35206,防府市,0,一般の市区町村
35,山口県,35207,下松市,0,一般の市区町村
35,山口県,35208,岩国市,0,一般の市区町村
35,山口県,35210,光市,0,一般の市区町村
35,山口県,35211,長門市,0,一般の市区町村
35,山口県,35212,柳井市,0,一般の市区町村
35,山口県,35213,美祢市,0,一般の市区町村
35,山口県,35215,周南市,0,一般の市区町村
35,山口県,35216,山陽小野田市,0,一般の市区町村
35,山口県,35305,周防大島町,0,一般の市区町村
35,山口県,35321,和木町,0,一般の市区町村
35,山口県,35341,上関町,0,一般の市区町村
35,山口県,35343,田布施町,0,一般の市区町村
35,山口県,35344,平生町,0,一般の市区町村
35,山口県,35502,阿武町,0,一般の市区町村
36,徳島県,36201,徳島市,0,一般の市区町村
36,徳島県,36202,鳴門市,0,一般の市区町村
36,徳島県,36203,小松島市,0,一般の市区町村
36,徳島県,36204,阿南市,0,一般の市区町村
36,徳島県,36205,吉野川市,0,一般の市区町村
36,徳島県,36206,阿波市,0,一般の市区町村
36,徳島県,36207,美馬市,0,一般の市区町村
36,徳島県,36208,三好市,0,一般の市区町村
36,徳島県,36301,勝浦町,0,一般の市区町村
36,徳島県,36302,上勝町,0,一般の市区町村
36,徳島県,36321,佐那河内村,0,一般の市区町村
36,徳島県,36341,石井町,0,一般の市区町村
36,徳島県,36342,神山町,0,一般の市区町村
36,徳島県,36368,那賀町,0,一般の市区町村
36,徳島県,36383,牟岐町,0,一般の市区町村
36,徳島県,36387,美波町,0,一般の市区町村
36,徳島県,36388,海陽町,0,一般の市区町村
36,徳島県,36401,松茂町,0,一般の市区町村
36,徳島県,36402,北島町,0,一般の市区町村
36,徳島県,36403,藍住町,0,一般の市区町村
36,徳島県,36404,板野町,0,一般の市区町村
36,徳島県,36405,上板町,0,一般の市区町村
36,徳島県,36468,つるぎ町,0,一般の市区町村
36,徳島県,36489,東みよし町,0,一般の市区町村
37,香川県,37201,高松市,0,一般の市区町村
37,香川県,37202,丸亀市,0,一般の市区町村
37,香川県,37203,坂出市,0,一般の市区町村
37,香川県,37204,善通寺市,0,一般の市区町村
37,香川県,37205,観音寺市,0,一般の市区町村
37,香川県,37206,さぬき市,0,一般の市区町村
37,香川県,37207,東かがわ市,0,一般の市区町村
37,香川県,37208,三豊市,0,一般の市区町村
37,香川県,37322,土庄町,0,一般の市区町村
37,香川県,37324,小豆島町,0,一般の市区町村
37,香川県,37341,三木町,0,一般の市区町村
37,香川県,37364,直島町,0,一般の市区町村
37,香川県,37386,宇多津町,0,一般の市区町村
37,香川県,37387,綾川町,0,一般の市区町村
37,香川県,37403,琴平町,0,一般の市区町村
37,香川県,37404,多度津町,0,一般の市区町村
37,香川県,37406,まんのう町,0,一般の市区町村
38,愛媛県,38201,松山市,0,一般の市区町村
38,愛媛県,38202,今治市,0,一般の市区町村
38,愛媛県,38203,宇和島市,0,一般の市区町村
38,愛媛県,38204,八幡浜市,0,一般の市区町村
38,愛媛県,38205,新居浜市,0,一般の市区町村
38,愛媛県,38206,西条市,0,一般の市区町村
38,愛媛県,38207,大洲市,0,一般の市区町村
38,愛媛県,38210,伊予市,0,一般の市区町村
38,愛媛県,38213,四国中央市,0,一般の市区町村
38,愛媛県,38214,西予市,0,一般の市区町村
38,愛媛県,38215,東温市,0,一般の市区町村
38,愛媛県,38356,上島町,0,一般の市区町村
38,愛媛県,38386,久万高原町,0,一般の市区町村
38,愛媛県,38401,松前町,0,一般の市区町村
38,愛媛県,38402,砥部町,0,一般の市区町村
38,愛媛県,38422,内子町,0,一般の市区町村
38,愛媛県,38442,伊方町,0,一般の市区町村
38,愛媛県,38484,松野町,0,一般の市区町村
38,愛媛県,38488,鬼北町,0,一般の市区町村
38,愛媛県,38506,愛南町,0,一般の市区町村
39,高知県,39201,高知市,0,一般の市区町村
39,高知県,39202,室戸市,0,一般の市区町村
39,高知県,39203,安芸市,0,一般の市区町村
39,高知県,39204,南国市,0,一般の市区町村
39,高知県,39205,土佐市,0,一般の市区町村
39,高知県,39206,須崎市,0,一般の市区町村
39,高知県,39208,宿毛市,0,一般の市区町村
39,高知県,39209,土佐清水市,0,一般の市区町村
39,高知県,39210,四万十市,0,一般の市区町村
39,高知県,39211,香南市,0,一般の市区町村
39,高知県,39212,香美市,0,一般の市区町村
39,高知県,39301,東洋町,0,一般の市区町村
39,高知県,39302,奈半利町,0,一般の市区町村
39,高知県,39303,田野町,0,一般の市区町村
39,高知県,39304,安田町,0,一般の市区町村
39,高知県,39305,北川村,0,一般の市区町村
39,高知県,39306,馬路村,0,一般の市区町村
39,高知県,39307,芸西村,0,一般の市区町村
39,高知県,39341,本山町,0,一般の市区町村
39,高知県,39344,大豊町,0,一般の市区町村
39,高知県,39363,土佐町,0,一般の市区町村
39,高知県,39364,大川村,0,一般の市区町村
39,高知県,39386,いの町,0,一般の市区町村
39,高知県,39387,仁淀川町,0,一般の市区町村
39,高知県,39401,中土佐町,0,一般の市区町村
39,高知県,39402,佐川町,0,一般の市区町村
39,高知県,39403,越知町,0,一般の市区町村
39,高知県,39405,梼原町,0,一般の市区町村
39,高知県,39410,日高村,0,一般の市区町村
39,高知県,39411,津野町,0,一般の市区町村
39,高知県,39412,四万十町,0,一般の市区町村
39,高知県,39424,大月町,0,一般の市区町村
39,高知県,39427,三原村,0,一般の市区町村
39,高知県,39428,黒潮町,0,一般の市区町村
40,福岡県,40100,北九州市,2,政令指定都市の市
40,福岡県,40101,北九州市門司区,1,政令指定都市の区
40,福岡県,40103,北九州市若松区,1,政令指定都市の区
40,福岡県,40105,北九州市戸畑区,1,政令指定都市の区
40,福岡県,40106,北九州市小倉北区,1,政令指定都市の区
40,福岡県,40107,北九州市小倉南区,1,政令指定都市の区
40,福岡県,40108,北九州市八幡東区,1,政令指定都市の区
40,福岡県,40109,北九州市八幡西区,1,政令指定都市の区
40,福岡県,40130,福岡市,2,政令指定都市の市
40,福岡県,40131,福岡市東区,1,政令指定都市の区
40,福岡県,40132,福岡市博多区,1,政令指定都市の区
40,福岡県,40133,福岡市中央区,1,政令指定都市の区
40,福岡県,40134,福岡市南区,1,政令指定都市の区
40,福岡県,40135,福岡市西区,1,政令指定都市の区
40,福岡県,40136,福岡市城南区,1,政令指定都市の区
40,福岡県,40137,福岡市早良区,1,政令指定都市の区
40,福岡県,40202,大牟田市,0,一般の市区町村
40,福岡県,40203,久留米市,0,一般の市区町村
40,福岡県,40204,直方市,0,一般の市区町村
40,福岡県,40205,飯塚市,0,一般の市区町村
40,福岡県,40206,田川市,0,一般の市区町村
40,福岡県,40207,柳川市,0,一般の市区町村
40,福岡県,40210,八女市,0,一般の市区町村
40,福岡県,40211,筑後市,0,一般の市区町村
40,福岡県,40212,大川市,0,一般の市区町村
40,福岡県,40213,行橋市,0,一般の市区町村
40,福岡県,40214,豊前市,0,一般の市区町村
40,福岡県,40215,中間市,0,一般の市区町村
40,福岡県,40216,小郡市,0,一般の市区町村
40,福岡県,40217,筑紫野市,0,一般の市区町村
40,福岡県,40218,春日市,0,一般の市区町村
40,福岡県,40219,大野城市,0,一般の市区町村
40,福岡県,40220,宗像市,0,一般の市区町村
40,福岡県,40221,太宰府市,0,一般の市区町村
40,福岡県,40223,古賀市,0,一般の市区町村
40,福岡県,40224,福津市,0,一般の市区町村
40,福岡県,40225,うきは市,0,一般の市区町村
40,福岡県,40226,宮若市,0,一般の市区町村
40,福岡県,40227,嘉麻市,0,一般の市区町村
40,福岡県,40228,朝倉市,0,一般の市区町村
40,福岡県,40229,みやま市,0,一般の市区町村
40,福岡県,40230,糸島市,0,一般の市区町村
40,福岡県,40305,那珂川町,0,一般の市区町村
40,福岡県,40341,宇美町,0,一般の市区町村
40,福岡県,40342,篠栗町,0,一般の市区町村
40,福岡県,40343,志免町,0,一般の市区町村
40,福岡県,40344,須恵町,0,一般の市区町村
40,福岡県,40345,新宮町,0,一般の市区町村
40,福岡県,40348,久山町,0,一般の市区町村
40,福岡県,40349,粕屋町,0,一般の市区町村
40,福岡県,40381,芦屋町,0,一般の市区町村
40,福岡県,40382,水巻町,0,一般の市区町村
40,福岡県,40383,岡垣町,0,一般の市区町村
40,福岡県,40384,遠賀町,0,一般の市区町村
40,福岡県,40401,小竹町,0,一般の市区町村
40,福岡県,40402,鞍手町,0,一般の市区町村
40,福岡県,40421,桂川町,0,一般の市区町村
40,福岡県,40447,筑前町,0,一般の市区町村
40,福岡県,40448,東峰村,0,一般の市区町村
40,福岡県,40503,大刀洗町,0,一般の市区町村
40,福岡県,40522,大木町,0,一般の市区町村
40,福岡県,40544,広川町,0,一般の市区町村
40,福岡県,40601,香春町,0,一般の市区町村
40,福岡県,40602,添田町,0,一般の市区町村
40,福岡県,40604,糸田町,0,一般の市区町村
40,福岡県,40605,川崎町,0,一般の市区町村
40,福岡県,40608,大任町,0,一般の市区町村
40,福岡県,40609,赤村,0,一般の市区町村
40,福岡県,40610,福智町,0,一般の市区町村
40,福岡県,40621,苅田町,0,一般の市区町村
40,福岡県,40625,みやこ町,0,一般の市区町村
40,福岡県,40642,吉富町,0,一般の市区町村
40,福岡県,40646,上毛町,0,一般の市区町村
40,福岡県,40647,築上町,0,一般の市区町村
41,佐賀県,41201,佐賀市,0,一般の市区町村
41,佐賀県,41202,唐津市,0,一般の市区町村
41,佐賀県,41203,鳥栖市,0,一般の市区町村
41,佐賀県,41204,多久市,0,一般の市区町村
41,佐賀県,41205,伊万里市,0,一般の市区町村
41,佐賀県,41206,武雄市,0,一般の市区町村
41,佐賀県,41207,鹿島市,0,一般の市区町村
41,佐賀県,41208,小城市,0,一般の市区町村
41,佐賀県,41209,嬉野市,0,一般の市区町村
41,佐賀県,41210,神埼市,0,一般の市区町村
41,佐賀県,41327,吉野ヶ里町,0,一般の市区町村
41,佐賀県,41341,基山町,0,一般の市区町村
41,佐賀県,41345,上峰町,0,一般の市区町村
41,佐賀県,41346,みやき町,0,一般の市区町村
41,佐賀県,41387,玄海町,0,一般の市区町村
41,佐賀県,41401,有田町,0,一般の市区町村
41,佐賀県,41423,大町町,0,一般の市区町村
41,佐賀県,41424,江北町,0,一般の市区町村
41,佐賀県,41425,白石町,0,一般の市区町村
41,佐賀県,41441,太良町,0,一般の市区町村
42,長崎県,42201,長崎市,0,一般の市区町村
42,長崎県,42202,佐世保市,0,一般の市区町村
42,長崎県,42203,島原市,0,一般の市区町村
42,長崎県,42204,諫早市,0,一般の市区町村
42,長崎県,42205,大村市,0,一般の市区町村
42,長崎県,42207,平戸市,0,一般の市区町村
42,長崎県,42208,松浦市,0,一般の市区町村
42,長崎県,42209,対馬市,0,一般の市区町村
42,長崎県,42210,壱岐市,0,一般の市区町村
42,長崎県,42211,五島市,0,一般の市区町村
42,長崎県,42212,西海市,0,一般の市区町村
42,長崎県,42213,雲仙市,0,一般の市区町村
42,長崎県,42214,南島原市,0,一般の市区町村
42,長崎県,42307,長与町,0,一般の市区町村
42,長崎県,42308,時津町,0,一般の市区町村
42,長崎県,42321,東彼杵町,0,一般の市区町村
42,長崎県,42322,川棚町,0,一般の市区町村
42,長崎県,42323,波佐見町,0,一般の市区町村
42,長崎県,42383,小値賀町,0,一般の市区町村
42,長崎県,42391,佐々町,0,一般の市区町村
42,長崎県,42411,新上五島町,0,一般の市区町村
43,熊本県,43100,熊本市,2,政令指定都市の市
43,熊本県,43101,熊本市中央区,1,政令指定都市の区
43,熊本県,43102,熊本市東区,1,政令指定都市の区
43,熊本県,43103,熊本市西区,1,政令指定都市の区
43,熊本県,43104,熊本市南区,1,政令指定都市の区
43,熊本県,43105,熊本市北区,1,政令指定都市の区
43,熊本県,43202,八代市,0,一般の市区町村
43,熊本県,43203,人吉市,0,一般の市区町村
43,熊本県,43204,荒尾市,0,一般の市区町村
43,熊本県,43205,水俣市,0,一般の市区町村
43,熊本県,43206,玉名市,0,一般の市区町村
43,熊本県,43208,山鹿市,0,一般の市区町村
43,熊本県,43210,菊池市,0,一般の市区町村
43,熊本県,43211,宇土市,0,一般の市区町村
43,熊本県,43212,上天草市,0,一般の市区町村
43,熊本県,43213,宇城市,0,一般の市区町村
43,熊本県,43214,阿蘇市,0,一般の市区町村
43,熊本県,43215,天草市,0,一般の市区町村
43,熊本県,43216,合志市,0,一般の市区町村
43,熊本県,43348,美里町,0,一般の市区町村
43,熊本県,43364,玉東町,0,一般の市区町村
43,熊本県,43367,南関町,0,一般の市区町村
43,熊本県,43368,長洲町,0,一般の市区町村
43,熊本県,43369,和水町,0,一般の市区町村
43,熊本県,43403,大津町,0,一般の市区町村
43,熊本県,43404,菊陽町,0,一般の市区町村
43,熊本県,43423,南小国町,0,一般の市区町村
43,熊本県,43424,小国町,0,一般の市区町村
43,熊本県,43425,産山村,0,一般の市区町村
43,熊本県,43428,高森町,0,一般の市区町村
43,熊本県,43432,西原村,0,一般の市区町村
43,熊本県,43433,南阿蘇村,0,一般の市区町村
43,熊本県,43441,御船町,0,一般の市区町村
43,熊本県,43442,嘉島町,0,一般の市区町村
43,熊本県,43443,益城町,0,一般の市区町村
43,熊本県,43444,甲佐町,0,一般の市区町村
43,熊本県,43447,山都町,0,一般の市区町村
43,熊本県,43468,氷川町,0,一般の市区町村
43,熊本県,43482,芦北町,0,一般の市区町村
43,熊本県,43484,津奈木町,0,一般の市区町村
43,熊本県,43501,錦町,0,一般の市区町村
43,熊本県,43505,多良木町,0,一般の市区町村
43,熊本県,43506,湯前町,0,一般の市区町村
43,熊本県,43507,水上村,0,一般の市区町村
43,熊本県,43510,相良村,0,一般の市区町村
43,熊本県,43511,五木村,0,一般の市区町村
43,熊本県,43512,山江村,0,一般の市区町村
43,熊本県,43513,球磨村,0,一般の市区町村
43,熊本県,43514,あさぎり町,0,一般の市区町村
43,熊本県,43531,苓北町,0,一般の市区町村
44,大分県,44201,大分市,0,一般の市区町村
44,大分県,44202,別府市,0,一般の市区町村
44,大分県,44203,中津市,0,一般の市区町村
44,大分県,44204,日田市,0,一般の市区町村
44,大分県,44205,佐伯市,0,一般の市区町村
44,大分県,44206,臼杵市,0,一般の市区町村
44,大分県,44207,津久見市,0,一般の市区町村
44,大分県,44208,竹田市,0,一般の市区町村
44,大分県,44209,豊後高田市,0,一般の市区町村
44,大分県,44210,杵築市,0,一般の市区町村
44,大分県,44211,宇佐市,0,一般の市区町村
44,大分県,44212,豊後大野市,0,一般の市区町村
44,大分県,44213,由布市,0,一般の市区町村
44,大分県,44214,国東市,0,一般の市区町村
44,大分県,44322,姫島村,0,一般の市区町村
44,大分県,44341,日出町,0,一般の市区町村
44,大分県,44461,九重町,0,一般の市区町村
44,大分県,44462,玖珠町,0,一般の市区町村
45,宮崎県,45201,宮崎市,0,一般の市区町村
45,宮崎県,45202,都城市,0,一般の市区町村
45,宮崎県,45203,延岡市,0,一般の市区町村
45,宮崎県,45204,日南市,0,一般の市区町村
45,宮崎県,45205,小林市,0,一般の市区町村
45,宮崎県,45206,日向市,0,一般の市区町村
45,宮崎県,45207,串間市,0,一般の市区町村
45,宮崎県,45208,西都市,0,一般の市区町村
45,宮崎県,45209,えびの市,0,一般の市区町村
45,宮崎県,45341,三股町,0,一般の市区町村
45,宮崎県,45361,高原町,0,一般の市区町村
45,宮崎県,45382,国富町,0,一般の市区町村
45,宮崎県,45383,綾町,0,一般の市区町村
45,宮崎県,45401,高鍋町,0,一般の市区町村
45,宮崎県,45402,新富町,0,一般の市区町村
45,宮崎県,45403,西米良村,0,一般の市区町村
45,宮崎県,45404,木城町,0,一般の市区町村
45,宮崎県,45405,川南町,0,一般の市区町村
45,宮崎県,45406,都農町,0,一般の市区町村
45,宮崎県,45421,門川町,0,一般の市区町村
45,宮崎県,45429,諸塚村,0,一般の市区町村
45,宮崎県,45430,椎葉村,0,一般の市区町村
45,宮崎県,45431,美郷町,0,一般の市区町村
45,宮崎県,45441,高千穂町,0,一般の市区町村
45,宮崎県,45442,日之影町,0,一般の市区町村
45,宮崎県,45443,五ヶ瀬町,0,一般の市区町村
46,鹿児島県,46201,鹿児島市,0,一般の市区町村
46,鹿児島県,46203,鹿屋市,0,一般の市区町村
46,鹿児島県,46204,枕崎市,0,一般の市区町村
46,鹿児島県,46206,阿久根市,0,一般の市区町村
46,鹿児島県,46208,出水市,0,一般の市区町村
46,鹿児島県,46210,指宿市,0,一般の市区町村
46,鹿児島県,46213,西之表市,0,一般の市区町村
46,鹿児島県,46214,垂水市,0,一般の市区町村
46,鹿児島県,46215,薩摩川内市,0,一般の市区町村
46,鹿児島県,46216,日置市,0,一般の市区町村
46,鹿児島県,46217,曽於市,0,一般の市区町村
46,鹿児島県,46218,霧島市,0,一般の市区町村
46,鹿児島県,46219,いちき串木野市,0,一般の市区町村
46,鹿児島県,46220,南さつま市,0,一般の市区町村
46,鹿児島県,46221,志布志市,0,一般の市区町村
46,鹿児島県,46222,奄美市,0,一般の市区町村
46,鹿児島県,46223,南九州市,0,一般の市区町村
46,鹿児島県,46224,伊佐市,0,一般の市区町村
46,鹿児島県,46225,姶良市,0,一般の市区町村
46,鹿児島県,46303,三島村,0,一般の市区町村
46,鹿児島県,46304,十島村,0,一般の市区町村
46,鹿児島県,46392,さつま町,0,一般の市区町村
46,鹿児島県,46404,長島町,0,一般の市区町村
46,鹿児島県,46452,湧水町,0,一般の市区町村
46,鹿児島県,46468,大崎町,0,一般の市区町村
46,鹿児島県,46482,東串良町,0,一般の市区町村
46,鹿児島県,46490,錦江町,0,一般の市区町村
46,鹿児島県,46491,南大隅町,0,一般の市区町村
46,鹿児島県,46492,肝付町,0,一般の市区町村
46,鹿児島県,46501,中種子町,0,一般の市区町村
46,鹿児島県,46502,南種子町,0,一般の市区町村
46,鹿児島県,46505,屋久島町,0,一般の市区町村
46,鹿児島県,46523,大和村,0,一般の市区町村
46,鹿児島県,46524,宇検村,0,一般の市区町村
46,鹿児島県,46525,瀬戸内町,0,一般の市区町村
46,鹿児島県,46527,龍郷町,0,一般の市区町村
46,鹿児島県,46529,喜界町,0,一般の市区町村
46,鹿児島県,46530,徳之島町,0,一般の市区町村
46,鹿児島県,46531,天城町,0,一般の市区町村
46,鹿児島県,46532,伊仙町,0,一般の市区町村
46,鹿児島県,46533,和泊町,0,一般の市区町村
46,鹿児島県,46534,知名町,0,一般の市区町村
46,鹿児島県,46535,与論町,0,一般の市区町村
47,沖縄県,47201,那覇市,0,一般の市区町村
47,沖縄県,47205,宜野湾市,0,一般の市区町村
47,沖縄県,47207,石垣市,0,一般の市区町村
47,沖縄県,47208,浦添市,0,一般の市区町村
47,沖縄県,47209,名護市,0,一般の市区町村
47,沖縄県,47210,糸満市,0,一般の市区町村
47,沖縄県,47211,沖縄市,0,一般の市区町村
47,沖縄県,47212,豊見城市,0,一般の市区町村
47,沖縄県,47213,うるま市,0,一般の市区町村
47,沖縄県,47214,宮古島市,0,一般の市区町村
47,沖縄県,47215,南城市,0,一般の市区町村
47,沖縄県,47301,国頭村,0,一般の市区町村
47,沖縄県,47302,大宜味村,0,一般の市区町村
47,沖縄県,47303,東村,0,一般の市区町村
47,沖縄県,47306,今帰仁村,0,一般の市区町村
47,沖縄県,47308,本部町,0,一般の市区町村
47,沖縄県,47311,恩納村,0,一般の市区町村
47,沖縄県,47313,宜野座村,0,一般の市区町村
47,沖縄県,47314,金武町,0,一般の市区町村
47,沖縄県,47315,伊江村,0,一般の市区町村
47,沖縄県,47324,読谷村,0,一般の市区町村
47,沖縄県,47325,嘉手納町,0,一般の市区町村
47,沖縄県,47326,北谷町,0,一般の市区町村
47,沖縄県,47327,北中城村,0,一般の市区町村
47,沖縄県,47328,中城村,0,一般の市区町村
47,沖縄県,47329,西原町,0,一般の市区町村
47,沖縄県,47348,与那原町,0,一般の市区町村
47,沖縄県,47350,南風原町,0,一般の市区町村
47,沖縄県,47353,渡嘉敷村,0,一般の市区町村
47,沖縄県,47354,座間味村,0,一般の市区町村
47,沖縄県,47355,粟国村,0,一般の市区町村
47,沖縄県,47356,渡名喜村,0,一般の市区町村
47,沖縄県,47357,南大東村,0,一般の市区町村
47,沖縄県,47358,北大東村,0,一般の市区町村
47,沖縄県,47359,伊平屋村,0,一般の市区町村
47,沖縄県,47360,伊是名村,0,一般の市区町村
47,沖縄県,47361,久米島町,0,一般の市区町村
47,沖縄県,47362,八重瀬町,0,一般の市区町村
47,沖縄県,47375,多良間村,0,一般の市区町村
47,沖縄県,47381,竹富町,0,一般の市区町村
47,沖縄県,47382,与那国町,0,一般の市区町村
